battery_id,cycle,voltage,temperature,capacity,soh,rul,initial_capacity,capacity_loss,capacity_retention,previous_capacity,capacity_change
B0005,2,3.5429679883355183,32.643595085177715,1.851862025854008,0.9945679034974788,166,1.8619764616792724,0.0101144358252645,0.9945679034974789,1.8619764616792724,-0.0101144358252645
B0005,3,3.5530561298298746,32.52252561728893,1.8408078298748616,0.9886310959133612,165,1.8619764616792724,0.021168631804410865,0.9886310959133612,1.851862025854008,-0.011054195979146364
B0005,4,3.5458485201697254,32.492082733461324,1.8500581719003597,0.9935991189876996,164,1.8619764616792724,0.011918289778912738,0.9935991189876998,1.8408078298748616,0.009250342025498126
B0005,5,3.544456056134174,32.368611575014725,1.8494324960696809,0.993263091200262,163,1.8619764616792724,0.01254396560959159,0.9932630912002622,1.8500581719003597,-0.0006256758306788512
B0005,6,3.555518011319956,32.25124161987058,1.8411378898424131,0.9888083591464604,162,1.8619764616792724,0.020838571836859332,0.9888083591464601,1.8494324960696809,-0.008294606227267742
B0005,7,3.550391740377309,32.36619211449594,1.8406214079526009,0.988530975462809,161,1.8619764616792724,0.02135505372667157,0.988530975462809,1.8411378898424131,-0.000516481889812237
B0005,8,3.55743645121441,32.36748861666199,1.831163829566243,0.983451653258151,160,1.8619764616792724,0.030812632113029537,0.9834516532581511,1.8406214079526009,-0.009457578386357968
B0005,9,3.5534969394692286,32.339648365008244,1.83954583513475,0.9879533243270472,159,1.8619764616792724,0.022430626544522436,0.9879533243270472,1.831163829566243,0.0083820055685071
B0005,10,3.557887851734781,32.19118046612876,1.8300190765668485,0.9828368479569272,158,1.8619764616792724,0.031957385112423964,0.9828368479569273,1.83954583513475,-0.009526758567901528
B0005,11,3.556347543611306,32.06812817887519,1.8300015709380208,0.9828274463188356,157,1.8619764616792724,0.031974890741251594,0.9828274463188358,1.8300190765668485,-1.750562882762985e-05
B0005,12,3.560471978306512,32.347660087219026,1.828990961908424,0.9822846848766824,156,1.8619764616792724,0.032985499770848525,0.9822846848766822,1.8300015709380208,-0.0010106090295969317
B0005,13,3.560356687760622,32.283606892877664,1.8190975953712152,0.9769713166677813,155,1.8619764616792724,0.04287886630805726,0.9769713166677811,1.828990961908424,-0.009893366537208736
B0005,14,3.566431185901457,32.015896045816774,1.8188055309107152,0.9768144594429392,154,1.8619764616792724,0.04317093076855727,0.9768144594429392,1.8190975953712152,-0.0002920644605000078
B0005,15,3.565634950208217,32.00004598138285,1.8172992925920552,0.976005513492408,153,1.8619764616792724,0.044677169087217194,0.976005513492408,1.8188055309107152,-0.0015062383186599249
B0005,16,3.559994137027421,31.934592080993266,1.7968950909031398,0.965047157085199,152,1.8619764616792724,0.06508137077613263,0.965047157085199,1.8172992925920552,-0.020404201688915435
B0005,17,3.5586133415017773,31.958117234073352,1.8173331008203384,0.9760236706651644,151,1.8619764616792724,0.044643360858934056,0.9760236706651645,1.7968950909031398,0.020438009917198574
B0005,18,3.5591189041401865,31.965008645476725,1.8084160844930317,0.9712346647293618,150,1.8619764616792724,0.05356037718624074,0.9712346647293619,1.8173331008203384,-0.008917016327306682
B0005,19,3.564278368616401,31.87500939217925,1.8081381684417832,0.9710854061017862,149,1.8619764616792724,0.05383829323748923,0.9710854061017862,1.8084160844930317,-0.0002779160512484946
B0005,20,3.5632435756209606,32.24684640816457,1.8523767968843516,0.994844368340584,148,1.8619764616792724,0.009599664794920804,0.9948443683405841,1.8081381684417832,0.04423862844256843
B0005,21,3.559804801759603,32.62250010726094,1.8621496132914117,1.0000929934484686,147,1.8619764616792724,-0.00017315161213926622,1.0000929934484688,1.8523767968843516,0.00977281640706007
B0005,22,3.5614876690927493,32.26410762598871,1.8415475566742463,0.9890283763380114,146,1.8619764616792724,0.020428905005026143,0.9890283763380114,1.8621496132914117,-0.02060205661716541
B0005,23,3.5640263392404927,31.948491054200577,1.8405159641101465,0.988474345400816,145,1.8619764616792724,0.021460497569125936,0.988474345400816,1.8415475566742463,-0.0010315925640997925
B0005,24,3.559694165479912,31.855407770729308,1.8199732361436336,0.9774415915560194,144,1.8619764616792724,0.042003225535638844,0.9774415915560194,1.8405159641101465,-0.020542727966512908
B0005,25,3.5575955020525787,31.7919325371283,1.840332339495856,0.9883757272828808,143,1.8619764616792724,0.021644122183416492,0.9883757272828808,1.8199732361436336,0.020359103352222352
B0005,26,3.565914193388977,31.65359519098474,1.8287255973537373,0.9821421672025076,142,1.8619764616792724,0.033250864325535145,0.9821421672025075,1.840332339495856,-0.011606742142118653
B0005,27,3.5628427757194934,31.56095538857845,1.8201244782196035,0.977522818187549,141,1.8619764616792724,0.041851983459668896,0.9775228181875492,1.8287255973537373,-0.00860111913413375
B0005,28,3.556833231052199,31.56558649878708,1.8193301668811837,0.9770962223874584,140,1.8619764616792724,0.04264629479808879,0.9770962223874586,1.8201244782196035,-0.0007943113384198952
B0005,29,3.568290947384154,31.505850682292653,1.8081174735813892,0.9710742916431344,139,1.8619764616792724,0.053858988097883254,0.9710742916431343,1.8193301668811837,-0.011212693299794463
B0005,30,3.5669461267660054,31.500679894512725,1.809389854426699,0.9717576412297142,138,1.8619764616792724,0.05258660725257336,0.9717576412297142,1.8081174735813892,0.001272380845309895
B0005,31,3.5555778524083497,31.937535198015297,1.8599722319147571,0.9989236009123834,137,1.8619764616792724,0.0020042297645153084,0.9989236009123833,1.809389854426699,0.05058237748805805
B0005,32,3.566249609695861,32.018959004954816,1.8336069405338973,0.9847637595161708,136,1.8619764616792724,0.028369521145375165,0.9847637595161706,1.8599722319147571,-0.026365291380859857
B0005,33,3.565151716111388,31.802992654035062,1.8228257807678565,0.9789735897756155,135,1.8619764616792724,0.039150680911415936,0.9789735897756157,1.8336069405338973,-0.010781159766040771
B0005,34,3.5646590685392043,31.39007083489529,1.8121748135179705,0.9732533417117492,134,1.8619764616792724,0.04980164816130195,0.9732533417117492,1.8228257807678565,-0.010650967249886012
B0005,35,3.563826424333384,31.32256716616398,1.8075267104114792,0.9707570141790696,133,1.8619764616792724,0.05444975126779328,0.9707570141790696,1.8121748135179705,-0.00464810310649133
B0005,36,3.55794341054819,31.92433445248109,1.8075203422202648,0.9707535940546236,132,1.8619764616792724,0.054456119459007635,0.9707535940546236,1.8075267104114792,-6.3681912143565e-06
B0005,37,3.5606625287077325,31.611845035373697,1.7856869042866648,0.9590276467169708,131,1.8619764616792724,0.07628955739260768,0.9590276467169709,1.8075203422202648,-0.02183343793360004
B0005,38,3.5586243793608547,31.44698679955994,1.791061005185294,0.9619138813226342,130,1.8619764616792724,0.07091545649397846,0.9619138813226342,1.7856869042866648,0.005374100898629219
B0005,39,3.558098767106845,31.275967975869484,1.781193150844473,0.9566142147887612,129,1.8619764616792724,0.0807833108347995,0.9566142147887611,1.791061005185294,-0.009867854340821047
B0005,40,3.55512933100377,31.525572858904397,1.775965654284422,0.9538067160541442,128,1.8619764616792724,0.08601080739485045,0.9538067160541442,1.781193150844473,-0.005227496560050948
B0005,41,3.5624075048422243,32.01143947851528,1.770784907400195,0.9510243248742072,127,1.8619764616792724,0.09119155427907755,0.9510243248742071,1.775965654284422,-0.005180746884227094
B0005,42,3.5557637635846646,32.25414815646172,1.7595563551602034,0.9449938768685084,126,1.8619764616792724,0.10242010651906908,0.9449938768685084,1.770784907400195,-0.01122855223999153
B0005,43,3.5608117300192483,31.80684128585117,1.7729594478171768,0.95219219163393,125,1.8619764616792724,0.0890170138620956,0.9521921916339301,1.7595563551602034,0.013403092656973481
B0005,44,3.55710005650233,31.692044794724936,1.765608590610129,0.948244312937108,124,1.8619764616792724,0.09636787106914335,0.948244312937108,1.7729594478171768,-0.007350857207047756
B0005,45,3.549167170251299,31.44210470345508,1.7598574295430482,0.9451555729957372,123,1.8619764616792724,0.1021190321362242,0.9451555729957373,1.765608590610129,-0.0057511610670808455
B0005,46,3.5526452447208428,31.29942787454077,1.744776071394237,0.937055922726684,122,1.8619764616792724,0.11720039028503537,0.9370559227266841,1.7598574295430482,-0.015081358148811175
B0005,47,3.55190632746862,31.305445102883244,1.738996152905534,0.9339517382175576,121,1.8619764616792724,0.12298030877373844,0.9339517382175576,1.744776071394237,-0.005779918488703073
B0005,48,3.564861551020512,34.24255323544091,1.796530689781726,0.964851450464351,120,1.8619764616792724,0.06544577189754652,0.964851450464351,1.738996152905534,0.05753453687619192
B0005,49,3.562942516564363,33.424519180020944,1.786078115951081,0.959237752307706,119,1.8619764616792724,0.07589834572819143,0.9592377523077061,1.796530689781726,-0.010452573830644907
B0005,50,3.5589785643221226,32.65292545505136,1.7702801528983378,0.9507532395451253,118,1.8619764616792724,0.0916963087809346,0.9507532395451251,1.786078115951081,-0.01579796305274317
B0005,51,3.5584505671595306,32.20140726040297,1.759959835420017,0.9452105714766936,117,1.8619764616792724,0.10201662625925545,0.9452105714766936,1.7702801528983378,-0.01032031747832085
B0005,52,3.552628428865765,31.972189793138387,1.7440803892798278,0.9366822971042732,116,1.8619764616792724,0.11789607239944466,0.9366822971042733,1.759959835420017,-0.015879446140189213
B0005,53,3.548858076090237,32.067896119540606,1.7446256299771887,0.9369751261000112,115,1.8619764616792724,0.11735083170208371,0.9369751261000111,1.7440803892798278,0.0005452406973609492
B0005,54,3.549672607347228,32.41186556408571,1.744587459585423,0.9369546261675192,114,1.8619764616792724,0.1173890020938495,0.9369546261675192,1.7446256299771887,-3.817039176579051e-05
B0005,55,3.550412136480232,32.07523535235163,1.7345423289896662,0.9315597509891846,113,1.8619764616792724,0.12743413268960624,0.9315597509891846,1.744587459585423,-0.010045130595756735
B0005,56,3.549476639377589,31.989951063385003,1.7187009352330174,0.92305191317132,112,1.8619764616792724,0.14327552644625507,0.92305191317132,1.7345423289896662,-0.015841393756648836
B0005,57,3.55063337765996,31.85035063391357,1.7134425910765343,0.9202278473118942,111,1.8619764616792724,0.14853387060273815,0.9202278473118941,1.7187009352330174,-0.005258344156483075
B0005,58,3.544294910722307,32.173506392542926,1.7089771529492177,0.9178296225119472,110,1.8619764616792724,0.15299930873005474,0.9178296225119472,1.7134425910765343,-0.00446543812731659
B0005,59,3.5439049210455336,32.54849275590455,1.6975872125544504,0.9117124987839196,109,1.8619764616792724,0.164389249124822,0.9117124987839195,1.7089771529492177,-0.011389940394767262
B0005,60,3.5399546654303444,32.36639680203205,1.69184247481018,0.9086272085761746,108,1.8619764616792724,0.17013398686909253,0.9086272085761746,1.6975872125544504,-0.005744737744270534
B0005,61,3.5440426503820737,32.22136771354016,1.687799886269762,0.9064560809472184,107,1.8619764616792724,0.17417657540951037,0.9064560809472185,1.69184247481018,-0.004042588540417835
B0005,62,3.5416426622117743,32.09430003353101,1.6774587713886095,0.9009022433483124,106,1.8619764616792724,0.1845176902906629,0.9009022433483124,1.687799886269762,-0.010341114881152524
B0005,63,3.538897681692701,32.28920156801328,1.671866934117227,0.8978990704369108,105,1.8619764616792724,0.19010952756204547,0.8978990704369108,1.6774587713886095,-0.0055918372713825715
B0005,64,3.542215796667134,32.17624462604895,1.671954341387372,0.8979460137103323,104,1.8619764616792724,0.19002212029190035,0.8979460137103323,1.671866934117227,8.740727014511229e-05
B0005,65,3.539248283871917,32.536783791646684,1.6671795589887557,0.8953816513261215,103,1.8619764616792724,0.19479690269051675,0.8953816513261215,1.671954341387372,-0.004774782398616395
B0005,66,3.5352470829841747,32.415002505463384,1.6568276366277004,0.8898220094218843,102,1.8619764616792724,0.20514882505157206,0.8898220094218843,1.6671795589887557,-0.01035192236105531
B0005,67,3.5379894941468115,32.25788723883284,1.645627833351484,0.8838070014415388,101,1.8619764616792724,0.21634862832778845,0.8838070014415388,1.6568276366277004,-0.011199803276216391
B0005,68,3.530709628779709,32.344521894825874,1.646079337822721,0.8840494881112305,100,1.8619764616792724,0.21589712385655146,0.8840494881112305,1.645627833351484,0.00045150447123698534
B0005,69,3.528938688278568,32.42278451669724,1.6300002474336397,0.8754139920563663,99,1.8619764616792724,0.23197621424563275,0.8754139920563663,1.646079337822721,-0.016079090389081285
B0005,70,3.5323747236410323,32.408501968577056,1.6307089087246869,0.8757945883236296,98,1.8619764616792724,0.23126755295458556,0.8757945883236296,1.6300002474336397,0.0007086612910471857
B0005,71,3.529959033671946,32.38433757410582,1.6250520670531623,0.8727565039074482,97,1.8619764616792724,0.23692439462611015,0.8727565039074481,1.6307089087246869,-0.005656841671524582
B0005,72,3.5289898102222432,32.41631605827935,1.614290135203829,0.8669766607833157,96,1.8619764616792724,0.24768632647544342,0.8669766607833157,1.6250520670531623,-0.010761931849333273
B0005,73,3.527988002666816,32.378590714765785,1.6094898791420145,0.8643986174188548,95,1.8619764616792724,0.252486582537258,0.8643986174188548,1.614290135203829,-0.004800256061814556
B0005,74,3.524123492217535,32.421676502357634,1.6097749939595052,0.8645517422425885,94,1.8619764616792724,0.25220146771976726,0.8645517422425885,1.6094898791420145,0.000285114817490717
B0005,75,3.525669093493542,32.364497390301715,1.5933630825336658,0.8557375000845335,93,1.8619764616792724,0.2686133791456067,0.8557375000845335,1.6097749939595052,-0.01641191142583942
B0005,76,3.5237236373863072,32.34308993544963,1.5887637436553814,0.8532673620495251,92,1.8619764616792724,0.273212718023891,0.8532673620495251,1.5933630825336658,-0.0045993388782843425
B0005,77,3.5199169897212714,32.22329344492796,1.587878891135231,0.8527921398658073,91,1.8619764616792724,0.2740975705440414,0.8527921398658073,1.5887637436553814,-0.0008848525201503588
B0005,78,3.527398721718745,32.74877673362185,1.5984427178373324,0.8584655879031546,90,1.8619764616792724,0.26353374384194006,0.8584655879031546,1.587878891135231,0.01056382670210132
B0005,79,3.5166799904274133,32.299963413871126,1.5720590335778637,0.8442958683591847,89,1.8619764616792724,0.28991742810140875,0.8442958683591848,1.5984427178373324,-0.026383684259468687
B0005,80,3.5154619076581684,31.989420062675965,1.567871418126097,0.842046852038114,88,1.8619764616792724,0.29410504355317535,0.8420468520381138,1.5720590335778637,-0.004187615451766602
B0005,81,3.515868434864105,32.102612573309735,1.568030227348647,0.8421321427095151,87,1.8619764616792724,0.2939462343306254,0.8421321427095151,1.567871418126097,0.00015880922254996044
B0005,82,3.515252200712903,32.60943761363093,1.5625089947451285,0.839166889003494,86,1.8619764616792724,0.29946746693414394,0.839166889003494,1.568030227348647,-0.0055212326035185555
B0005,83,3.512970379452973,32.874870853463214,1.552040932462532,0.8335448725612691,85,1.8619764616792724,0.3099355292167405,0.8335448725612691,1.5625089947451285,-0.010468062282596557
B0005,84,3.5135499367557896,32.72228574183435,1.5518723897044544,0.8334543543610952,84,1.8619764616792724,0.31010407197481804,0.8334543543610952,1.552040932462532,-0.00016854275807753893
B0005,85,3.5141762633671427,32.41864084122644,1.5464329015561638,0.8305330026360659,83,1.8619764616792724,0.3155435601231087,0.8305330026360659,1.5518723897044544,-0.00543948814829065
B0005,86,3.5109240660870107,32.26726772836726,1.5308920204996197,0.8221865592860096,82,1.8619764616792724,0.33108444117965274,0.8221865592860097,1.5464329015561638,-0.015540881056544054
B0005,87,3.5104907057050654,32.54976582825492,1.5315419148433151,0.822535593958075,81,1.8619764616792724,0.3304345468359573,0.822535593958075,1.5308920204996197,0.0006498943436954452
B0005,88,3.5139609504086966,32.86772312173408,1.5256728538922997,0.8193835342667711,80,1.8619764616792724,0.33630360778697277,0.8193835342667712,1.5315419148433151,-0.00586906095101547
B0005,89,3.5116650674248517,32.95356237464176,1.525761730348839,0.8194312665868991,79,1.8619764616792724,0.33621473133043334,0.8194312665868991,1.5256728538922997,8.887645653943288e-05
B0005,90,3.524360572714186,32.74405576872055,1.6088291115400013,0.8640437431142585,78,1.8619764616792724,0.25314735013927114,0.8640437431142585,1.525761730348839,0.08306738119116219
B0005,91,3.51845800757932,33.24446965214451,1.5668525006525575,0.8414996284321717,77,1.8619764616792724,0.2951239610267149,0.8414996284321717,1.6088291115400013,-0.041976610887443755
B0005,92,3.5159742112086634,33.2624731865551,1.5510905085243931,0.833034434348059,76,1.8619764616792724,0.3108859531548793,0.833034434348059,1.5668525006525575,-0.015761992128164426
B0005,93,3.518496072418321,33.03643936473194,1.5354064708080608,0.8246111067501434,75,1.8619764616792724,0.32656999087121164,0.8246111067501434,1.5510905085243931,-0.01568403771633231
B0005,94,3.511234290365972,32.87155280740764,1.5352122586836148,0.8245068024646472,74,1.8619764616792724,0.32676420299565767,0.8245068024646472,1.5354064708080608,-0.00019421212444603597
B0005,95,3.509311050251654,32.89257892234494,1.5199876878691,0.8163302378689896,73,1.8619764616792724,0.34198877381017234,0.8163302378689896,1.5352122586836148,-0.01522457081451467
B0005,96,3.511603946836176,32.80043972651701,1.5149541369045276,0.8136269002768308,72,1.8619764616792724,0.3470223247747448,0.8136269002768308,1.5199876878691,-0.005033550964572475
B0005,97,3.507014738079957,32.94959585616287,1.509594580001059,0.8107484767232725,71,1.8619764616792724,0.3523818816782134,0.8107484767232725,1.5149541369045276,-0.005359556903468565
B0005,98,3.50459112062193,32.960269493186814,1.5098574809727934,0.8108896712964291,70,1.8619764616792724,0.35211898070647907,0.8108896712964291,1.509594580001059,0.0002629009717343145
B0005,99,3.5071819711747723,32.97614022461952,1.499146951062914,0.8051374342889753,69,1.8619764616792724,0.3628295106163584,0.8051374342889753,1.5098574809727934,-0.010710529909879307
B0005,100,3.506281533871427,33.07671101833386,1.4889220009131896,0.799645984552547,68,1.8619764616792724,0.37305446076608284,0.799645984552547,1.499146951062914,-0.010224950149724465
B0005,101,3.504895347985236,32.96964993935984,1.4834343534015664,0.7966987681808244,67,1.8619764616792724,0.37854210827770607,0.7966987681808244,1.4889220009131896,-0.005487647511623228
B0005,102,3.506000017513587,32.964574486332204,1.478228770314027,0.7939030383772133,66,1.8619764616792724,0.38374769136524534,0.7939030383772132,1.4834343534015664,-0.005205583087539267
B0005,103,3.4977709271002486,33.111834043497964,1.4941926930669056,0.8024766820732678,65,1.8619764616792724,0.36778376861236683,0.8024766820732678,1.478228770314027,0.0159639227528785
B0005,104,3.508967078963045,33.68551572221917,1.499125945084069,0.8051261527398917,64,1.8619764616792724,0.3628505165952034,0.8051261527398917,1.4941926930669056,0.004933252017163436
B0005,105,3.5016093005136573,33.5760841644228,1.4891238619078542,0.7997543967687156,63,1.8619764616792724,0.37285259977141827,0.7997543967687156,1.499125945084069,-0.010002083176214871
B0005,106,3.504676840294114,33.43261492023291,1.472749637729354,0.7909603950638109,62,1.8619764616792724,0.38922682394991837,0.7909603950638109,1.4891238619078542,-0.016374224178500096
B0005,107,3.4982225551616586,33.18267299918187,1.4569458854866044,0.782472773137325,61,1.8619764616792724,0.405030576192668,0.782472773137325,1.472749637729354,-0.015803752242749658
B0005,108,3.4985679816689683,33.26986446906512,1.4572024502825045,0.7826105647803345,60,1.8619764616792724,0.40477401139676794,0.7826105647803346,1.4569458854866044,0.00025656479590008274
B0005,109,3.494393368640284,33.54810808142327,1.4633267575442508,0.7858997080041018,59,1.8619764616792724,0.39864970413502165,0.7858997080041018,1.4572024502825045,0.006124307261746287
B0005,110,3.4988842100643502,33.6955129895967,1.4520940416123058,0.779867023830525,58,1.8619764616792724,0.4098824200669666,0.779867023830525,1.4633267575442508,-0.01123271593194497
B0005,111,3.500098444194064,33.36594189092708,1.441677863307233,0.7742728723901363,57,1.8619764616792724,0.42029859837203953,0.7742728723901363,1.4520940416123058,-0.01041617830507291
B0005,112,3.4946556093421144,33.3510952380545,1.436499200568125,0.7714916005289242,56,1.8619764616792724,0.4254772611111475,0.7714916005289242,1.441677863307233,-0.005178662739107942
B0005,113,3.4935237102418424,33.5764735792387,1.4364422101502656,0.7714609930432592,55,1.8619764616792724,0.4255342515290068,0.7714609930432592,1.436499200568125,-5.699041785933723e-05
B0005,114,3.4958516734579206,33.801910381454185,1.4310797631466134,0.7685810173217531,54,1.8619764616792724,0.430896698532659,0.7685810173217531,1.4364422101502656,-0.005362447003652182
B0005,115,3.4967778621300702,33.65385947429708,1.4259534929105735,0.7658278835729964,53,1.8619764616792724,0.43602296876869895,0.7658278835729964,1.4310797631466134,-0.005126270236039954
B0005,116,3.4931602985955785,33.46804681726649,1.4204547686377509,0.7628747182747284,52,1.8619764616792724,0.44152169304152156,0.7628747182747285,1.4259534929105735,-0.005498724272822608
B0005,117,3.490796420662152,33.32072329226924,1.4154803493726162,0.760203138172879,51,1.8619764616792724,0.4464961123066562,0.760203138172879,1.4204547686377509,-0.004974419265134644
B0005,118,3.485532798466319,33.672039171509226,1.415642103141681,0.7602900102533772,50,1.8619764616792724,0.4463343585375914,0.7602900102533772,1.4154803493726162,0.00016175376906479855
B0005,119,3.492071570520047,33.95602225731446,1.4106884922681455,0.7576296055836707,49,1.8619764616792724,0.4512879694111269,0.7576296055836705,1.415642103141681,-0.004953610873535519
B0005,120,3.492241157133948,33.766042548332734,1.4364795997811262,0.7714810736573969,48,1.8619764616792724,0.4254968618981463,0.7714810736573969,1.4106884922681455,0.025791107512980638
B0005,121,3.496386552501217,34.01536501077074,1.4413047685524851,0.7740724967342534,47,1.8619764616792724,0.4206716931267873,0.7740724967342533,1.4364795997811262,0.0048251687713589675
B0005,122,3.495158816010435,33.62657444287112,1.420410627364207,0.7628510115982735,46,1.8619764616792724,0.44156583431506546,0.7628510115982735,1.4413047685524851,-0.020894141188278148
B0005,123,3.4911656351735982,33.29811170420356,1.415267239717584,0.7600886847093589,45,1.8619764616792724,0.4467092219616884,0.7600886847093589,1.420410627364207,-0.005143387646622921
B0005,124,3.487164214172966,33.311806260965064,1.409481541898724,0.7569813963316947,44,1.8619764616792724,0.45249491978054834,0.7569813963316948,1.415267239717584,-0.005785697818859958
B0005,125,3.4898174723067257,33.1898322916545,1.3997545153129725,0.7517573632754557,43,1.8619764616792724,0.4622219463663,0.7517573632754557,1.409481541898724,-0.009727026585751641
B0005,126,3.481945510646848,33.323027054539054,1.388654828403097,0.745796124162978,42,1.8619764616792724,0.4733216332761754,0.745796124162978,1.3997545153129725,-0.011099686909875395
B0005,127,3.484726754629247,33.25767354219466,1.389242801836222,0.7461119033606347,41,1.8619764616792724,0.4727336598430505,0.7461119033606347,1.388654828403097,0.0005879734331248887
B0005,128,3.4852395299928105,33.05966538208851,1.3834855576092226,0.7430198963747854,40,1.8619764616792724,0.4784909040700498,0.7430198963747854,1.389242801836222,-0.005757244226999303
B0005,129,3.482234810079579,33.0781701907413,1.372644520522714,0.7371975686979192,39,1.8619764616792724,0.4893319411565584,0.7371975686979192,1.3834855576092226,-0.010841037086508631
B0005,130,3.4823091282997063,33.08146254660968,1.3735657772546188,0.7376923422629266,38,1.8619764616792724,0.48841068442465363,0.7376923422629266,1.372644520522714,0.000921256731904796
B0005,131,3.478200841952514,33.21041393230103,1.3735621290076736,0.7376903829218606,37,1.8619764616792724,0.48841433267159884,0.7376903829218606,1.3735657772546188,-3.648246945209266e-06
B0005,132,3.478511934709336,33.06310637086438,1.3730358152022468,0.7374077188730616,36,1.8619764616792724,0.4889406464770256,0.7374077188730616,1.3735621290076736,-0.0005263138054267813
B0005,133,3.4819675275419253,33.58424709691084,1.3784319824146225,0.7403058044952122,35,1.8619764616792724,0.48354447926464994,0.7403058044952122,1.3730358152022468,0.00539616721237568
B0005,134,3.491147724520651,33.69028889006327,1.3891300631172707,0.7460513554851532,34,1.8619764616792724,0.4728463985620017,0.7460513554851532,1.3784319824146225,0.010698080702648216
B0005,135,3.481709257148688,33.6416320611531,1.3672070872362343,0.7342773205646126,33,1.8619764616792724,0.49476937444303815,0.7342773205646126,1.3891300631172707,-0.02192297588103642
B0005,136,3.4797127153933185,33.46716682605322,1.3730378805643206,0.7374088281040945,32,1.8619764616792724,0.4889385811149518,0.7374088281040945,1.3672070872362343,0.005830793328086337
B0005,137,3.4818238310326657,33.072157587811496,1.3573939330971494,0.72900703152442,31,1.8619764616792724,0.504582528582123,0.72900703152442,1.3730378805643206,-0.015643947467171238
B0005,138,3.479930482016216,33.610157882993725,1.3629399858313298,0.7319856152220778,30,1.8619764616792724,0.49903647584794264,0.7319856152220778,1.3573939330971494,0.005546052734180407
B0005,139,3.4756256359863715,33.79459259010141,1.3577597122167384,0.7292034782180904,29,1.8619764616792724,0.504216749462534,0.7292034782180904,1.3629399858313298,-0.005180273614591391
B0005,140,3.4794857801127,33.396318560436285,1.3523583624454916,0.7263026092316074,28,1.8619764616792724,0.5096180992337809,0.7263026092316074,1.3577597122167384,-0.005401349771246844
B0005,141,3.472670523210024,33.171101282149046,1.347261751763309,0.7235654045530981,27,1.8619764616792724,0.5147147099159635,0.7235654045530981,1.3523583624454916,-0.00509661068218259
B0005,142,3.4721167480235606,33.19118610383509,1.3420674321869428,0.7207757239726672,26,1.8619764616792724,0.5199090294923296,0.7207757239726672,1.347261751763309,-0.00519431957636618
B0005,143,3.4737936960424984,33.449484576299184,1.3419363608655273,0.7207053303215588,25,1.8619764616792724,0.5200401008137452,0.7207053303215588,1.3420674321869428,-0.00013107132141554345
B0005,144,3.475217109740792,33.451217302378225,1.3370585082394704,0.7180856126578576,24,1.8619764616792724,0.5249179534398021,0.7180856126578576,1.3419363608655273,-0.004877852626056889
B0005,145,3.4701261873292726,33.19362810104814,1.336920900504098,0.718011708535972,23,1.8619764616792724,0.5250555611751744,0.718011708535972,1.3370585082394704,-0.00013760773537230264
B0005,146,3.4687421482941514,33.02361842235558,1.3314836181352123,0.7150915414550294,22,1.8619764616792724,0.5304928435440601,0.7150915414550294,1.336920900504098,-0.005437282368885743
B0005,147,3.468383177641392,33.067747363491335,1.3212700246888256,0.7096061909919116,21,1.8619764616792724,0.5407064369904468,0.7096061909919116,1.3314836181352123,-0.010213593446386726
B0005,148,3.473454829094707,33.32655479018399,1.321592693680126,0.7097794847998308,20,1.8619764616792724,0.5403837679991463,0.7097794847998309,1.3212700246888256,0.0003226689913005121
B0005,149,3.469542767132813,33.269367830631865,1.321362505200723,0.7096558589194073,19,1.8619764616792724,0.5406139564785495,0.7096558589194073,1.321592693680126,-0.00023018847940314835
B0005,150,3.467703935690853,32.881946880580784,1.326941823474861,0.7126523083316121,18,1.8619764616792724,0.5350346382044116,0.7126523083316121,1.321362505200723,0.005579318274137934
B0005,151,3.47168286657471,33.32386124268302,1.357524928475529,0.7290773843892793,17,1.8619764616792724,0.5044515332037434,0.7290773843892793,1.326941823474861,0.030583105000668187
B0005,152,3.475544932470285,33.32135627821265,1.3479098000325125,0.7239134477655342,16,1.8619764616792724,0.51406666164676,0.7239134477655343,1.357524928475529,-0.009615128443016596
B0005,153,3.4777884634852527,33.05358108682469,1.3321306671386468,0.7154390479980771,15,1.8619764616792724,0.5298457945406256,0.7154390479980771,1.3479098000325125,-0.015779132893865677
B0005,154,3.4726939640608814,33.130052045626,1.3267600507608592,0.71255468480213,14,1.8619764616792724,0.5352164109184132,0.71255468480213,1.3321306671386468,-0.005370616377787574
B0005,155,3.4668478650529853,33.18128407001395,1.316038487896101,0.7067965223949162,13,1.8619764616792724,0.5459379737831715,0.7067965223949163,1.3267600507608592,-0.010721562864758338
B0005,156,3.473256756144175,33.084745445473835,1.316545280897043,0.7070687025278944,12,1.8619764616792724,0.5454311807822294,0.7070687025278944,1.316038487896101,0.0005067930009421406
B0005,157,3.4628275330380416,33.05123454882633,1.310634044151562,0.7038939917476359,11,1.8619764616792724,0.5513424175277104,0.7038939917476359,1.316545280897043,-0.005911236745480997
B0005,158,3.468641053423186,32.9708005627432,1.3161900481238324,0.7068779198942138,10,1.8619764616792724,0.54578641355544,0.7068779198942138,1.310634044151562,0.005556003972270407
B0005,159,3.4696354898969246,33.05693955254225,1.3061512538143514,0.7014864477053402,9,1.8619764616792724,0.5558252078649211,0.7014864477053402,1.3161900481238324,-0.01003879430948107
B0005,160,3.4655569353299978,33.13320802500957,1.311685855361964,0.7044588813861726,8,1.8619764616792724,0.5502906063173085,0.7044588813861726,1.3061512538143514,0.005534601547612539
B0005,161,3.465681760397356,33.130548697197604,1.306488080648197,0.7016673451768056,7,1.8619764616792724,0.5554883810310753,0.7016673451768055,1.311685855361964,-0.005197774713766812
B0005,162,3.466056074855256,33.184781827001515,1.306244764334494,0.7015366688128929,6,1.8619764616792724,0.5557316973447783,0.701536668812893,1.306488080648197,-0.00024331631370300144
B0005,163,3.4625534888673606,33.237698583973,1.3012468291134731,0.6988524591443597,5,1.8619764616792724,0.5607296325657993,0.6988524591443597,1.306244764334494,-0.004997935221020988
B0005,164,3.4661306290759493,33.217706949570015,1.2966012060775256,0.6963574635675854,4,1.8619764616792724,0.5653752556017468,0.6963574635675854,1.3012468291134731,-0.00464562303594751
B0005,165,3.469356999773325,33.155026565220545,1.291134962089845,0.6934217422519943,3,1.8619764616792724,0.5708414995894275,0.6934217422519944,1.2966012060775256,-0.005466243987680697
B0005,166,3.460683967544397,33.2879932877362,1.295770059679655,0.69591108499354,2,1.8619764616792724,0.5662064019996174,0.69591108499354,1.291134962089845,0.004635097589810178
B0005,167,3.4704396987176547,33.5879998020142,1.3121079879437283,0.7046855934797206,1,1.8619764616792724,0.5498684737355441,0.7046855934797206,1.295770059679655,0.01633792826407321
B0005,168,3.4757188271926545,33.64458841871067,1.3281995970289846,0.713327812872088,0,1.8619764616792724,0.5337768646502878,0.713327812872088,1.3121079879437283,0.01609160908525631
B0006,2,3.56147580138708,32.29307515705474,2.041871267054435,0.990543167457581,153,2.061365253061398,0.01949398600696295,0.990543167457581,2.061365253061398,-0.01949398600696295
B0006,3,3.566752469641321,32.24414709253608,2.0300171043084827,0.9847925307238204,152,2.061365253061398,0.03134814875291525,0.9847925307238204,2.041871267054435,-0.011854162745952301
B0006,4,3.565635922535616,32.18597096056766,2.027951805272469,0.983790622385186,151,2.061365253061398,0.03341344778892896,0.9837906223851859,2.0300171043084827,-0.0020652990360137125
B0006,5,3.563970503289941,32.06687277315468,2.017221851016285,0.9785853564866516,150,2.061365253061398,0.0441434020451128,0.9785853564866517,2.027951805272469,-0.010729954256183838
B0006,6,3.5735512387791406,32.03447836207717,2.030566344659148,0.9850589756684268,149,2.061365253061398,0.030798908402249747,0.9850589756684268,2.017221851016285,0.013344493642863053
B0006,7,3.571139134378589,32.11157496697371,2.029737048901392,0.9846566715369662,148,2.061365253061398,0.03162820416000578,0.9846566715369662,2.030566344659148,-0.0008292957577560323
B0006,8,3.568150746216304,32.112576242471775,1.98541870506306,0.963157161068109,147,2.061365253061398,0.07594654799833789,0.963157161068109,2.029737048901392,-0.04431834383833211
B0006,9,3.569283415581244,32.03566207329278,1.9734238808175009,0.9573382872767005,146,2.061365253061398,0.08794137224389709,0.9573382872767005,1.98541870506306,-0.011994824245559199
B0006,10,3.560143320431773,32.03485778433606,1.983106643290268,0.9620355443292228,145,2.061365253061398,0.07825860977112997,0.9620355443292228,1.9734238808175009,0.009682762472767115
B0006,11,3.566658719765511,31.874127571841356,1.9621285330511888,0.9518587402873752,144,2.061365253061398,0.09923672001020911,0.9518587402873753,1.983106643290268,-0.02097811023907914
B0006,12,3.568703597012284,32.120959708576166,1.9400247117914984,0.9411358365094722,143,2.061365253061398,0.12134054126989957,0.9411358365094721,1.9621285330511888,-0.02210382125969046
B0006,13,3.569207084156356,32.11021168908644,1.928553077516548,0.9355707702224988,142,2.061365253061398,0.13281217554484992,0.9355707702224987,1.9400247117914984,-0.011471634274950349
B0006,14,3.5659271296109383,31.989061278918157,1.9284185709185575,0.9355055190023228,141,2.061365253061398,0.13294668214284044,0.9355055190023228,1.928553077516548,-0.00013450659799052467
B0006,15,3.561241727064949,31.87881444863544,1.9175899796298983,0.9302524027617258,140,2.061365253061398,0.14377527343149965,0.9302524027617257,1.9284185709185575,-0.010828591288659206
B0006,16,3.557881987836072,31.7674507110244,1.90573823417132,0.9245029386912622,139,2.061365253061398,0.1556270188900779,0.9245029386912623,1.9175899796298983,-0.011851745458578256
B0006,17,3.559446470525581,31.83081010468792,1.904069267843872,0.923693297447446,138,2.061365253061398,0.15729598521752597,0.9236932974474461,1.90573823417132,-0.0016689663274480626
B0006,18,3.5557866041823525,31.869986939624116,1.893383284459298,0.9185093624952566,137,2.061365253061398,0.16798196860210002,0.9185093624952566,1.904069267843872,-0.01068598338457405
B0006,19,3.5580906165580983,31.890449470827843,1.8728747383868771,0.9085603512552723,136,2.061365253061398,0.18849051467452083,0.9085603512552723,1.893383284459298,-0.020508546072420808
B0006,20,3.5627134008851487,31.548398771926767,2.005540992466345,0.9729187922847996,135,2.061365253061398,0.055824260595052966,0.9729187922847993,1.8728747383868771,0.13266625407946786
B0006,21,3.570814209348872,31.874488497680712,1.9742290079405649,0.9577288668316184,134,2.061365253061398,0.08713624512083307,0.9577288668316184,2.005540992466345,-0.0313119845257801
B0006,22,3.5666817833633124,31.53911453638972,1.9623767500160616,0.95197915415605,133,2.061365253061398,0.09898850304533635,0.9519791541560501,1.9742290079405649,-0.011852257924503284
B0006,23,3.5635605528006504,31.258482679553385,1.9502350415258176,0.9460890245576142,132,2.061365253061398,0.11113021153558034,0.9460890245576142,1.9623767500160616,-0.012141708490243985
B0006,24,3.5710519693928755,31.119005145018026,1.951243590747328,0.9465782873022988,131,2.061365253061398,0.11012166231406995,0.9465782873022989,1.9502350415258176,0.0010085492215103908
B0006,25,3.5666308474029798,31.03324407815673,1.9066881682896264,0.9249637663475428,130,2.061365253061398,0.15467708477177156,0.9249637663475428,1.951243590747328,-0.04455542245770161
B0006,26,3.552739224085492,31.001249222460967,1.895166750304019,0.9193745492165678,129,2.061365253061398,0.1661985027573789,0.9193745492165678,1.9066881682896264,-0.011521417985607352
B0006,27,3.556095975504661,30.92143474404136,1.884794846926784,0.9143429793083084,128,2.061365253061398,0.17657040613461406,0.9143429793083085,1.895166750304019,-0.010371903377235148
B0006,28,3.554407332588547,30.894508754176588,1.8724299897044347,0.9083445968266082,127,2.061365253061398,0.1889352633569632,0.9083445968266082,1.884794846926784,-0.012364857222349146
B0006,29,3.545697893395061,31.014904054502477,1.8598761184386807,0.9022545207243214,126,2.061365253061398,0.20148913462271723,0.9022545207243212,1.8724299897044347,-0.012553871265754024
B0006,30,3.558317056200033,30.93172713281064,1.8737075781821224,0.9089643746538468,125,2.061365253061398,0.18765767487927554,0.9089643746538468,1.8598761184386807,0.013831459743441687
B0006,31,3.555857469677978,31.10097217303459,1.933112381331304,0.9377825586515433,124,2.061365253061398,0.12825287173009392,0.9377825586515434,1.8737075781821224,0.05940480314918162
B0006,32,3.555475055167991,31.29096966260002,1.8904727790093052,0.9170974315210296,123,2.061365253061398,0.17089247405209274,0.9170974315210296,1.933112381331304,-0.042639602321998815
B0006,33,3.5452650003621518,31.13133998716456,1.868829450064171,0.9065979196499572,122,2.061365253061398,0.19253580299722706,0.9065979196499572,1.8904727790093052,-0.02164332894513432
B0006,34,3.539807602769113,30.81303099815128,1.852767668417692,0.898806102249996,121,2.061365253061398,0.20859758464370604,0.8988061022499961,1.868829450064171,-0.01606178164647898
B0006,35,3.534523423832004,30.712511706318068,1.8320354407771808,0.8887485796398128,120,2.061365253061398,0.22932981228421712,0.8887485796398129,1.852767668417692,-0.02073222764051108
B0006,36,3.531488974115542,31.286691161375057,1.8270456383959144,0.8863279497325921,119,2.061365253061398,0.23431961466548357,0.886327949732592,1.8320354407771808,-0.0049898023812664505
B0006,37,3.5261837251551817,31.04843975838384,1.8106471517055815,0.8783727915353832,118,2.061365253061398,0.2507181013558164,0.8783727915353831,1.8270456383959144,-0.016398486690332836
B0006,38,3.5205371492044444,30.95010033531092,1.7945557892825563,0.8705666240455958,117,2.061365253061398,0.2668094637788416,0.8705666240455957,1.8106471517055815,-0.016091362423025224
B0006,39,3.518316882338858,30.792306931661887,1.7846165451068612,0.8657449437728085,116,2.061365253061398,0.27674870795453677,0.8657449437728085,1.7945557892825563,-0.009939244175695139
B0006,40,3.5130944776602564,31.08796095728237,1.7791165077644515,0.8630767910355673,115,2.061365253061398,0.28224874529694643,0.8630767910355673,1.7846165451068612,-0.005500037342409669
B0006,41,3.515210473276241,31.67860578108804,1.763713882900842,0.8556047407326263,114,2.061365253061398,0.2976513701605559,0.8556047407326264,1.7791165077644515,-0.015402624863609438
B0006,42,3.509578354212467,31.875581783696685,1.7528820236510312,0.8503500391537945,113,2.061365253061398,0.30848322941036677,0.8503500391537945,1.763713882900842,-0.010831859249810893
B0006,43,3.5129824181030385,31.511834751442407,1.770986669769523,0.8591328815402195,112,2.061365253061398,0.29037858329187505,0.8591328815402196,1.7528820236510312,0.01810464611849172
B0006,44,3.5168850509113776,31.40763955748036,1.7846944685930284,0.8657827456548629,111,2.061365253061398,0.27667078446836957,0.8657827456548629,1.770986669769523,0.01370779882350548
B0006,45,3.507803935214185,31.1262752808626,1.747208237533541,0.8475975982124989,110,2.061365253061398,0.314157015527857,0.8475975982124989,1.7846944685930284,-0.03748623105948745
B0006,46,3.5021154787790696,31.13909866775703,1.7267244207052252,0.8376605835093092,109,2.061365253061398,0.3346408323561727,0.8376605835093092,1.747208237533541,-0.020483816828315682
B0006,47,3.50163059960821,31.13925948710509,1.7158034348508442,0.8323626452433167,108,2.061365253061398,0.34556181821055376,0.8323626452433167,1.7267244207052252,-0.01092098585438106
B0006,48,3.5389241681784376,33.6154544357369,1.8424328578195008,0.8937925266195529,107,2.061365253061398,0.21893239524189712,0.8937925266195529,1.7158034348508442,0.12662942296865665
B0006,49,3.530900102823324,32.8767752083159,1.826958409369137,0.8862856335896145,106,2.061365253061398,0.23440684369226106,0.8862856335896144,1.8424328578195008,-0.015474448450363942
B0006,50,3.523812889740761,32.17789475577204,1.7892942368532254,0.8680141640089686,105,2.061365253061398,0.27207101620817253,0.8680141640089686,1.826958409369137,-0.037664172515911476
B0006,51,3.5113095147623907,31.935345788032123,1.7580980811046447,0.8528804288777247,104,2.061365253061398,0.30326717195675323,0.8528804288777247,1.7892942368532254,-0.0311961557485807
B0006,52,3.511353867856764,31.680899485166584,1.7426359908937212,0.8453795310198802,103,2.061365253061398,0.3187292621676767,0.8453795310198802,1.7580980811046447,-0.015462090210923485
B0006,53,3.503572002149759,31.842644047698165,1.721531401614891,0.8351413700498691,102,2.061365253061398,0.3398338514465069,0.8351413700498691,1.7426359908937212,-0.021104589278830188
B0006,54,3.498007244060501,32.22925499711333,1.710978567276206,0.8300220277484441,101,2.061365253061398,0.35038668578519205,0.830022027748444,1.721531401614891,-0.010552834338685146
B0006,55,3.495582992422966,32.02470118557349,1.6955539014474712,0.822539285034203,100,2.061365253061398,0.36581135161392675,0.822539285034203,1.710978567276206,-0.015424665828734696
B0006,56,3.4911120119665022,31.982880937885405,1.6849258313115532,0.8173834446899777,99,2.061365253061398,0.3764394217498448,0.8173834446899777,1.6955539014474712,-0.010628070135918044
B0006,57,3.485124540581106,31.93461814941748,1.674249301607851,0.8122040958638316,98,2.061365253061398,0.38711595145354694,0.8122040958638316,1.6849258313115532,-0.010676529703702142
B0006,58,3.475526715264219,32.26081414773761,1.6646925263027086,0.8075679571247365,97,2.061365253061398,0.39667272675868936,0.8075679571247365,1.674249301607851,-0.009556775305142429
B0006,59,3.476691838201356,32.58457048262274,1.658843813613028,0.8047306566118873,96,2.061365253061398,0.40252143944837004,0.8047306566118873,1.6646925263027086,-0.00584871268968068
B0006,60,3.473631102676352,32.467082602971125,1.642661941374659,0.7968805814181114,95,2.061365253061398,0.4187033116867389,0.7968805814181114,1.658843813613028,-0.016181872238368866
B0006,61,3.474532775196675,32.3869455272109,1.6224014328926435,0.787051897029488,94,2.061365253061398,0.43896382016875446,0.7870518970294879,1.642661941374659,-0.02026050848201555
B0006,62,3.463228282595069,32.25764873933484,1.6222927836186003,0.7869991895949943,93,2.061365253061398,0.43907246944279765,0.7869991895949942,1.6224014328926435,-0.00010864927404319324
B0006,63,3.4643316251222926,32.58257536155603,1.6125090430390785,0.7822529465092568,92,2.061365253061398,0.44885621002231946,0.7822529465092569,1.6222927836186003,-0.009783740579521805
B0006,64,3.458288051730134,32.27035173742936,1.6011509636368977,0.7767429674381958,91,2.061365253061398,0.46021428942450027,0.7767429674381958,1.6125090430390785,-0.01135807940218081
B0006,65,3.462747135369616,32.46331544651703,1.596441279401844,0.7744582271535425,90,2.061365253061398,0.46492397365955385,0.7744582271535426,1.6011509636368977,-0.0047096842350535795
B0006,66,3.4538355151672424,32.3937410103569,1.5806738577126738,0.7668092082978335,89,2.061365253061398,0.4806913953487242,0.7668092082978335,1.596441279401844,-0.015767421689170336
B0006,67,3.4521208257757032,32.28180411503873,1.5748839350559825,0.7640004277345187,88,2.061365253061398,0.4864813180054155,0.7640004277345187,1.5806738577126738,-0.005789922656691315
B0006,68,3.450781146333252,32.35440526839345,1.5647524037683276,0.7590854660252301,87,2.061365253061398,0.49661284929307037,0.7590854660252301,1.5748839350559825,-0.010131531287654871
B0006,69,3.446679868862818,32.416791159111504,1.5595870510691667,0.7565796739578177,86,2.061365253061398,0.5017782019922312,0.7565796739578177,1.5647524037683276,-0.005165352699160852
B0006,70,3.4420103351506346,32.50370670189782,1.5441860931285878,0.7491084323048857,85,2.061365253061398,0.5171791599328102,0.7491084323048857,1.5595870510691667,-0.015400957940578941
B0006,71,3.4457209358470458,32.46835744677546,1.5437768654868695,0.7489099096795963,84,2.061365253061398,0.5175883875745284,0.7489099096795963,1.5441860931285878,-0.0004092276417182461
B0006,72,3.4410430135566514,32.502281170353,1.538281019393275,0.7462437901816409,83,2.061365253061398,0.523084233668123,0.7462437901816409,1.5437768654868695,-0.0054958460935945475
B0006,73,3.441324378382058,32.570814194676885,1.5281330347968802,0.7413208467191353,82,2.061365253061398,0.5332322182645177,0.7413208467191353,1.538281019393275,-0.010147984596394766
B0006,74,3.438537965438779,32.569311020939416,1.5229350516892368,0.7387992251385234,81,2.061365253061398,0.5384302013721611,0.7387992251385234,1.5281330347968802,-0.005197983107643411
B0006,75,3.4376107703322463,32.54388051235802,1.517582177080766,0.7362024633077313,80,2.061365253061398,0.5437830759806319,0.7362024633077313,1.5229350516892368,-0.005352874608470781
B0006,76,3.4387486253738104,32.48961189178144,1.5070621534764983,0.7310990379983913,79,2.061365253061398,0.5543030995848997,0.7310990379983913,1.517582177080766,-0.010520023604267736
B0006,77,3.430371979768303,32.623858385959586,1.5064329025188052,0.7307937786772891,78,2.061365253061398,0.5549323505425927,0.7307937786772891,1.5070621534764983,-0.0006292509576930616
B0006,78,3.442174806202228,33.14275543386907,1.5490124933413216,0.7514497933060794,77,2.061365253061398,0.5123527597200763,0.7514497933060794,1.5064329025188052,0.04257959082251639
B0006,79,3.4393982044476816,32.58756940326071,1.5176735259452734,0.7362467780473786,76,2.061365253061398,0.5436917271161246,0.7362467780473786,1.5490124933413216,-0.031338967396048245
B0006,80,3.427530079822451,32.501917709023324,1.5075464185178022,0.7313339624207297,75,2.061365253061398,0.5538188345435957,0.7313339624207297,1.5176735259452734,-0.010127107427471138
B0006,81,3.431567913906129,32.620826003183545,1.4918156797516926,0.7237027390153931,74,2.061365253061398,0.5695495733097053,0.7237027390153931,1.5075464185178022,-0.015730738766109642
B0006,82,3.431328557588449,33.14181535486571,1.4921077255066333,0.7238444149044705,73,2.061365253061398,0.5692575275547647,0.7238444149044705,1.4918156797516926,0.0002920457549406841
B0006,83,3.4317291752027264,33.36176274898123,1.486884554586177,0.7213105743283285,72,2.061365253061398,0.5744806984752209,0.7213105743283285,1.4921077255066333,-0.0052231709204562105
B0006,84,3.426845925690999,33.29660462807629,1.4811309511434128,0.7185194127744896,71,2.061365253061398,0.5802343019179852,0.7185194127744896,1.486884554586177,-0.005753603442764321
B0006,85,3.4237364274432327,33.04083919619982,1.4705229433475169,0.7133733049800841,70,2.061365253061398,0.5908423097138811,0.7133733049800841,1.4811309511434128,-0.01060800779589588
B0006,86,3.4211353681423384,32.874137256963074,1.4655304184196232,0.7109513543236058,69,2.061365253061398,0.5958348346417748,0.7109513543236058,1.4705229433475169,-0.0049925249278937045
B0006,87,3.4243549865657195,33.18553058254344,1.460798720316781,0.7086559347729875,68,2.061365253061398,0.600566532744617,0.7086559347729875,1.4655304184196232,-0.004731698102842241
B0006,88,3.422885744975672,33.50589341781492,1.460581234006463,0.7085504288176528,67,2.061365253061398,0.600784019054935,0.7085504288176528,1.460798720316781,-0.00021748631031792698
B0006,89,3.4244407859564867,33.57031195093766,1.4552234243265951,0.7059512729077962,66,2.061365253061398,0.6061418287348028,0.7059512729077961,1.460581234006463,-0.005357809679867875
B0006,90,3.4513193151482184,33.18742711121545,1.6071456455073276,0.7796510798464782,65,2.061365253061398,0.4542196075540703,0.7796510798464782,1.4552234243265951,0.1519222211807325
B0006,91,3.4486586610843912,33.35146624696564,1.559846873821901,0.7567057179727482,64,2.061365253061398,0.501518379239497,0.7567057179727482,1.6071456455073276,-0.04729877168542673
B0006,92,3.438032490131768,33.388192096725966,1.5334864853681625,0.7439178879583489,63,2.061365253061398,0.5278787676932355,0.7439178879583489,1.559846873821901,-0.026360388453738448
B0006,93,3.435811388803437,33.23437060006691,1.5125136442718543,0.7337436400587295,62,2.061365253061398,0.5488516087895436,0.7337436400587295,1.5334864853681625,-0.020972841096308148
B0006,94,3.429840821418336,33.15386395359162,1.5019266018274036,0.7286077028788787,61,2.061365253061398,0.5594386512339944,0.7286077028788787,1.5125136442718543,-0.010587042444450745
B0006,95,3.426692284797717,33.07771293289659,1.4866426835890656,0.7211932389862524,60,2.061365253061398,0.5747225694723324,0.7211932389862524,1.5019266018274036,-0.015283918238337968
B0006,96,3.4287650988952327,33.132143537175985,1.4763894826759218,0.7162192534696554,59,2.061365253061398,0.5849757703854761,0.7162192534696554,1.4866426835890656,-0.010253200913143745
B0006,97,3.4246011808558103,33.2063456208539,1.470691070576836,0.7134548660857976,58,2.061365253061398,0.590674182484562,0.7134548660857976,1.4763894826759218,-0.005698412099085948
B0006,98,3.4225220439803974,33.23554630728376,1.4605134741101549,0.708517557449414,57,2.061365253061398,0.6008517789512431,0.708517557449414,1.470691070576836,-0.010177596466681038
B0006,99,3.422662684189545,33.26543793173941,1.4549937579485974,0.70583985821423,56,2.061365253061398,0.6063714951128005,0.70583985821423,1.4605134741101549,-0.005519716161557442
B0006,100,3.4205288629336974,33.30967684363522,1.450059927355916,0.7034463810828221,55,2.061365253061398,0.6113053257054819,0.7034463810828221,1.4549937579485974,-0.004933830592681376
B0006,101,3.414892968351446,33.43309816330072,1.450080162440857,0.7034561974338598,54,2.061365253061398,0.6112850906205409,0.7034561974338598,1.450059927355916,2.0235084940978254e-05
B0006,102,3.4162574919694797,33.40443142692858,1.439303453730104,0.6982282502300596,53,2.061365253061398,0.622061799331294,0.6982282502300596,1.450080162440857,-0.010776708710753091
B0006,103,3.416752362626578,33.6983310704402,1.4395501224813514,0.6983479130364842,52,2.061365253061398,0.6218151305800466,0.6983479130364842,1.439303453730104,0.0002466687512474586
B0006,104,3.4287864173605698,33.99067028696002,1.4658358808484158,0.7110995388475949,51,2.061365253061398,0.5955293722129822,0.7110995388475949,1.4395501224813514,0.02628575836706437
B0006,105,3.425353151622554,33.96416650373328,1.44518726397582,0.7010825771073455,50,2.061365253061398,0.6161779890855779,0.7010825771073455,1.4658358808484158,-0.02064861687259567
B0006,106,3.4168293852992875,33.85006217268304,1.4338943963676305,0.6956042332808845,49,2.061365253061398,0.6274708566937675,0.6956042332808846,1.44518726397582,-0.011292867608189594
B0006,107,3.417327412940222,33.646906006817225,1.4233730463196368,0.6905001644932848,48,2.061365253061398,0.6379922067417612,0.6905001644932848,1.4338943963676305,-0.010521350047993705
B0006,108,3.417333220579712,33.730479907922216,1.41856395485317,0.688167200231214,47,2.061365253061398,0.6428012982082278,0.688167200231214,1.4233730463196368,-0.004809091466466686
B0006,109,3.419503401691381,33.98566671305918,1.408868901275925,0.683463980574801,46,2.061365253061398,0.6524963517854729,0.683463980574801,1.41856395485317,-0.009695053577245094
B0006,110,3.419664692811614,34.14150793478956,1.4081742086684246,0.6831269745025056,45,2.061365253061398,0.6531910443929734,0.6831269745025056,1.408868901275925,-0.0006946926075004356
B0006,111,3.411185892355487,33.9510257608063,1.4081992771595306,0.6831391356132398,44,2.061365253061398,0.6531659759018673,0.6831391356132398,1.4081742086684246,2.5068491106061686e-05
B0006,112,3.4124064574244226,33.82849355478063,1.3975313372230582,0.677963953815337,43,2.061365253061398,0.6638339158383397,0.677963953815337,1.4081992771595306,-0.010667939936472415
B0006,113,3.4087745580509408,34.10084957498419,1.3978260752476883,0.6781069357658634,42,2.061365253061398,0.6635391778137096,0.6781069357658634,1.3975313372230582,0.00029473802463009235
B0006,114,3.411543263322673,34.367525774021445,1.3922913511243986,0.6754219559375337,41,2.061365253061398,0.6690739019369993,0.6754219559375337,1.3978260752476883,-0.005534724123289703
B0006,115,3.413171023601248,34.184832365689,1.387368743808585,0.6730339233904136,40,2.061365253061398,0.6739965092528128,0.6730339233904135,1.3922913511243986,-0.00492260731581351
B0006,116,3.405525737100656,34.01169224271393,1.3870790606675172,0.6728933936416764,39,2.061365253061398,0.6742861923938808,0.6728933936416764,1.387368743808585,-0.00028968314106792015
B0006,117,3.406174988143348,33.89137767731007,1.3822318456489215,0.6705419350579068,38,2.061365253061398,0.6791334074124764,0.6705419350579068,1.3870790606675172,-0.004847215018595641
B0006,118,3.4138282685979364,34.07833127509633,1.3717942444255036,0.6654784941136507,37,2.061365253061398,0.6895710086358944,0.6654784941136507,1.3822318456489215,-0.01043760122341797
B0006,119,3.4076544372200037,34.486594358556104,1.3774511724313865,0.6682227569256299,36,2.061365253061398,0.6839140806300115,0.66822275692563,1.3717942444255036,0.005656928005882911
B0006,120,3.4145737950220054,34.20048727904731,1.3978227598215165,0.678105327401617,35,2.061365253061398,0.6635424932398815,0.6781053274016171,1.3774511724313865,0.020371587390130008
B0006,121,3.42409525799815,34.3384889800228,1.4187091870230364,0.6882376545913282,34,2.061365253061398,0.6426560660383616,0.6882376545913282,1.3978227598215165,0.020886427201519897
B0006,122,3.413286814776603,34.1409162998884,1.3976012396707835,0.6779978645682332,33,2.061365253061398,0.6637640133906144,0.6779978645682332,1.4187091870230364,-0.021107947352252854
B0006,123,3.41357386968229,33.8122274751014,1.3818993080315751,0.670380615943377,32,2.061365253061398,0.6794659450298228,0.670380615943377,1.3976012396707835,-0.01570193163920841
B0006,124,3.4080415033015234,33.82526957161115,1.3761847468565231,0.6676083943943016,31,2.061365253061398,0.6851805062048748,0.6676083943943016,1.3818993080315751,-0.00571456117505198
B0006,125,3.410880873048976,33.79931094182062,1.3661903494234466,0.6627599584277821,30,2.061365253061398,0.6951749036379513,0.6627599584277821,1.3761847468565231,-0.009994397433076507
B0006,126,3.404348199503381,33.797770239359984,1.3610483444986068,0.6602654927249169,29,2.061365253061398,0.7003169085627912,0.6602654927249169,1.3661903494234466,-0.005142004924839849
B0006,127,3.4094564846209114,33.7202036212351,1.3558215739493185,0.6577299059134453,28,2.061365253061398,0.7055436791120795,0.6577299059134453,1.3610483444986068,-0.005226770549288329
B0006,128,3.406896198129958,33.63334415081372,1.350116874962155,0.6549624686634522,27,2.061365253061398,0.7112483780992429,0.6549624686634522,1.3558215739493185,-0.005704698987163415
B0006,129,3.410191324130312,33.58795818777598,1.3395485203035735,0.649835597216053,26,2.061365253061398,0.7218167327578244,0.6498355972160529,1.350116874962155,-0.010568354658581525
B0006,130,3.402880434940001,33.63370824160055,1.3403990341219558,0.65024819455518,25,2.061365253061398,0.7209662189394421,0.65024819455518,1.3395485203035735,0.0008505138183823036
B0006,131,3.404123312151975,33.616842759108536,1.3400837167250217,0.6500952292345189,24,2.061365253061398,0.7212815363363763,0.650095229234519,1.3403990341219558,-0.00031531739693413385
B0006,132,3.4051720311722997,33.62907599818407,1.3292332650540972,0.6448315081861458,23,2.061365253061398,0.7321319880073007,0.6448315081861458,1.3400837167250217,-0.010850451670924466
B0006,133,3.406516181893106,33.93776983443547,1.334591404077785,0.6474308238657569,22,2.061365253061398,0.7267738489836129,0.6474308238657568,1.3292332650540972,0.005358139023687869
B0006,134,3.4135991239358625,33.839669632743856,1.3663530996920026,0.6628389110871006,21,2.061365253061398,0.6950121533693954,0.6628389110871006,1.334591404077785,0.03176169561421749
B0006,135,3.416234249533583,33.51916213732116,1.33962391257543,0.6498721711671003,20,2.061365253061398,0.721741340485968,0.6498721711671003,1.3663530996920026,-0.026729187116572684
B0006,136,3.404098551116137,33.417055994165715,1.33418743813355,0.6472348537708718,19,2.061365253061398,0.727177814927848,0.6472348537708718,1.33962391257543,-0.0054364744418800015
B0006,137,3.408205670961327,33.14763960447862,1.3188582489443883,0.6397984282434716,18,2.061365253061398,0.7425070041170097,0.6397984282434716,1.33418743813355,-0.015329189189161596
B0006,138,3.406057944650006,33.54087434480634,1.3192821823171124,0.6400040848451313,17,2.061365253061398,0.7420830707442856,0.6400040848451313,1.3188582489443883,0.0004239333727240613
B0006,139,3.409404561724039,33.74281752252623,1.319139476569966,0.6399348560915494,16,2.061365253061398,0.742225776491432,0.6399348560915494,1.3192821823171124,-0.00014270574714636552
B0006,140,3.4055134866307664,33.52580236197081,1.3084986712319544,0.6347728377048474,15,2.061365253061398,0.7528665818294435,0.6347728377048474,1.319139476569966,-0.010640805338011594
B0006,141,3.4019477713129023,33.26911000449951,1.3035443329744585,0.6323694119897111,14,2.061365253061398,0.7578209200869395,0.6323694119897112,1.3084986712319544,-0.004954338257495916
B0006,142,3.4096070318299097,33.09416441038586,1.2929047886565637,0.6272080053432696,13,2.061365253061398,0.7684604644048343,0.6272080053432696,1.3035443329744585,-0.010639544317894822
B0006,143,3.4059337108388066,33.40147794245547,1.2929421633527678,0.6272261363834376,12,2.061365253061398,0.7684230897086302,0.6272261363834376,1.2929047886565637,3.737469620412881e-05
B0006,144,3.405974847450337,33.4355494840299,1.2930294180466042,0.6272684649779003,11,2.061365253061398,0.7683358350147937,0.6272684649779003,1.2929421633527678,8.725469383641382e-05
B0006,145,3.4067954173580124,33.181589708427346,1.2773817905913374,0.6196775601481871,10,2.061365253061398,0.7839834624700606,0.6196775601481871,1.2930294180466042,-0.01564762745526682
B0006,146,3.405267181194985,32.91514653712497,1.2717784752262602,0.6169593056531356,9,2.061365253061398,0.7895867778351378,0.6169593056531356,1.2773817905913374,-0.005603315365077188
B0006,147,3.4014295890642234,32.94901047102217,1.2774701463122278,0.6197204228678139,8,2.061365253061398,0.7838951067491702,0.6197204228678139,1.2717784752262602,0.005691671085967576
B0006,148,3.405019360634236,33.266493016378725,1.272155294735463,0.617142106594717,7,2.061365253061398,0.7892099583259349,0.617142106594717,1.2774701463122278,-0.005314851576764701
B0006,149,3.406612588895656,33.18584337072475,1.2618421861476707,0.6121390589434209,6,2.061365253061398,0.7995230669137272,0.6121390589434209,1.272155294735463,-0.01031310858779233
B0006,150,3.4100438359166336,33.07152919259775,1.267143531462508,0.6147108231210523,5,2.061365253061398,0.79422172159889,0.6147108231210522,1.2618421861476707,0.005301345314837169
B0006,151,3.4183137422240466,33.7646208251051,1.3035555846187274,0.6323748703354616,4,2.061365253061398,0.7578096684426705,0.6323748703354616,1.267143531462508,0.03641205315621954
B0006,152,3.4139648989013542,33.785356545045786,1.277265007647789,0.6196209069454736,3,2.061365253061398,0.784100245413609,0.6196209069454736,1.3035555846187274,-0.026290576970938506
B0006,153,3.410594270457933,33.65313914312215,1.2669434108881237,0.6146137415514045,2,2.061365253061398,0.7944218421732743,0.6146137415514046,1.277265007647789,-0.010321596759665264
B0006,154,3.4117306276911394,33.56358069695396,1.2510581242777157,0.6069075446089576,1,2.061365253061398,0.8103071287836823,0.6069075446089577,1.2669434108881237,-0.015885286610408
B0006,155,3.406077144859754,33.54492071293026,1.2459894981450723,0.604448676087178,0,2.061365253061398,0.8153757549163256,0.6044486760871779,1.2510581242777157,-0.005068626132643361
B0007,2,3.534092657562116,32.71816013655933,1.9082620869933644,0.994581477414358,166,1.918658380763664,0.010396293770299492,0.9945814774143579,1.918658380763664,-0.010396293770299492
B0007,3,3.5344025220217845,32.68511456550919,1.908267521610272,0.9945843099232412,165,1.918658380763664,0.010390859153391885,0.9945843099232412,1.9082620869933644,5.434616907606937e-06
B0007,4,3.53492504932652,32.554748499572646,1.908442863004556,0.994675697424029,164,1.918658380763664,0.010215517759107895,0.9946756974240292,1.908267521610272,0.00017534139428398987
B0007,5,3.5373788164971605,32.434504759571446,1.906965044690552,0.993905462175889,163,1.918658380763664,0.01169333607311196,0.9939054621758888,1.908442863004556,-0.0014778183140040646
B0007,6,3.5411626672196816,32.48624734055599,1.8972443773358243,0.9888390744060878,162,1.918658380763664,0.021414003427839612,0.9888390744060876,1.906965044690552,-0.009720667354727652
B0007,7,3.543550806911945,32.53061114703764,1.896407626924891,0.9884029621625936,161,1.918658380763664,0.02225075383877284,0.9884029621625937,1.8972443773358243,-0.0008367504109332291
B0007,8,3.549458117635797,32.45374435641106,1.8979314244807093,0.989197161677784,160,1.918658380763664,0.020726956282954623,0.989197161677784,1.896407626924891,0.0015237975558182182
B0007,9,3.549674382885605,32.382959166190766,1.8970119767698363,0.9887179478062104,159,1.918658380763664,0.021646403993827557,0.9887179478062104,1.8979314244807093,-0.0009194477108729338
B0007,10,3.5446919315449588,32.34828328642194,1.897622402296784,0.9890361000802512,158,1.918658380763664,0.02103597846687988,0.9890361000802513,1.8970119767698363,0.0006104255269476777
B0007,11,3.548427214895644,32.183319483399806,1.8974805126913892,0.98896214756905,157,1.918658380763664,0.02117786807227473,0.98896214756905,1.897622402296784,-0.00014188960539485151
B0007,12,3.5560433603714667,32.378853181816005,1.887123268405786,0.9835639774781968,156,1.918658380763664,0.03153511235787798,0.9835639774781968,1.8974805126913892,-0.010357244285603251
B0007,13,3.557033254342086,32.33423984229986,1.886581038872539,0.98328136878731,155,1.918658380763664,0.03207734189112488,0.9832813687873099,1.887123268405786,-0.0005422295332468963
B0007,14,3.5562872542469752,32.14782797344657,1.886367411985506,0.9831700269824452,154,1.918658380763664,0.03229096877815785,0.9831700269824452,1.886581038872539,-0.0002136268870329694
B0007,15,3.5647746218187315,32.01380948237792,1.8756792253711447,0.9775993705688176,153,1.918658380763664,0.042979155392519175,0.9775993705688176,1.886367411985506,-0.010688186614361328
B0007,16,3.5619763689274597,31.92471525383218,1.8843770843946528,0.9821326731675044,152,1.918658380763664,0.034281296369011116,0.9821326731675044,1.8756792253711447,0.008697859023508059
B0007,17,3.565961679108638,31.854304304240507,1.875198188564024,0.9773486553753556,151,1.918658380763664,0.04346019219963981,0.9773486553753556,1.8843770843946528,-0.009178895830628697
B0007,18,3.569037881279284,31.90004104361472,1.8647977047827085,0.9719279489663408,150,1.918658380763664,0.05386067598095545,0.9719279489663408,1.875198188564024,-0.01040048378131564
B0007,19,3.5699492020415136,31.86718260708393,1.864705016338037,0.9718796399783516,149,1.918658380763664,0.053953364425626926,0.9718796399783517,1.8647977047827085,-9.268844467147375e-05
B0007,20,3.5464338449590023,32.35216872128999,1.9083939022532823,0.9946501792016272,148,1.918658380763664,0.010264478510381592,0.9946501792016272,1.864705016338037,0.043688885915245335
B0007,21,3.557037560582481,32.56294245283574,1.9090174889529896,0.9949751910463408,147,1.918658380763664,0.00964089181067429,0.9949751910463409,1.9083939022532823,0.0006235866997073014
B0007,22,3.5600641669827024,32.201173252929614,1.897436265048125,0.9889390858068792,146,1.918658380763664,0.021222115715539003,0.9889390858068792,1.9090174889529896,-0.011581223904864713
B0007,23,3.556133926333527,31.848183121823464,1.9077807677761225,0.9943306150294394,145,1.918658380763664,0.010877612987541418,0.9943306150294395,1.897436265048125,0.010344502727997584
B0007,24,3.552385161941813,31.737001978644926,1.8976323885515505,0.9890413048915228,144,1.918658380763664,0.02102599221211343,0.9890413048915229,1.9077807677761225,-0.010148379224572013
B0007,25,3.5707670304281067,31.51707667966367,1.8870707584027333,0.9835366093945508,143,1.918658380763664,0.0315876223609306,0.9835366093945509,1.8976323885515505,-0.01056163014881717
B0007,26,3.565722484743929,31.442860781038384,1.8870551979880443,0.983528499344922,142,1.918658380763664,0.031603182775619576,0.983528499344922,1.8870707584027333,-1.55604146889754e-05
B0007,27,3.567846656188478,31.36610151147784,1.8764070454211756,0.9779787085777764,141,1.918658380763664,0.04225133534248826,0.9779787085777765,1.8870551979880443,-0.010648152566868685
B0007,28,3.56797162748914,31.28571570579735,1.8755289052835749,0.9775210241111696,140,1.918658380763664,0.04312947548008905,0.9775210241111695,1.8764070454211756,-0.0008781401376007913
B0007,29,3.5646314038791784,31.331850868998007,1.8756893951171232,0.9776046710152548,139,1.918658380763664,0.042968985646540725,0.9776046710152548,1.8755289052835749,0.00016048983354832735
B0007,30,3.568983888921194,31.32285733932258,1.8655530857545863,0.972321651659562,138,1.918658380763664,0.05310529500907757,0.972321651659562,1.8756893951171232,-0.010136309362536844
B0007,31,3.564620688944316,31.60843645212248,1.9022770193471763,0.991462074968256,137,1.918658380763664,0.016381361416487605,0.9914620749682559,1.8655530857545863,0.036723933592589963
B0007,32,3.565947327337478,31.825226789133943,1.876170789622431,0.9778555726401268,136,1.918658380763664,0.042487591141233017,0.9778555726401267,1.9022770193471763,-0.02610622972474541
B0007,33,3.568742147335628,31.51504198920288,1.8711644361038493,0.975246273575335,135,1.918658380763664,0.0474939446598146,0.9752462735753349,1.876170789622431,-0.0050063535185815855
B0007,34,3.5642424070467817,31.13866351339678,1.865959168722631,0.9725333010975836,134,1.918658380763664,0.052699212041033006,0.9725333010975837,1.8711644361038493,-0.005205267381218404
B0007,35,3.5635284303041144,31.090330336918232,1.8611187624527636,0.9700104933281564,133,1.918658380763664,0.057539618310900265,0.9700104933281566,1.865959168722631,-0.004840406269867259
B0007,36,3.5636579482197224,31.640190204887983,1.8613570138915247,0.9701346693884444,132,1.918658380763664,0.05730136687213916,0.9701346693884442,1.8611187624527636,0.00023825143876110566
B0007,37,3.5604412525029843,31.35343841363097,1.850669131223232,0.9645641713907552,131,1.918658380763664,0.06798924954043195,0.9645641713907555,1.8613570138915247,-0.010687882668292792
B0007,38,3.5626870541012634,31.15467034148414,1.8452959544000571,0.9617636849273778,130,1.918658380763664,0.07336242636360679,0.9617636849273777,1.850669131223232,-0.005373176823174841
B0007,39,3.5598082962038755,30.9953676878886,1.84065885176726,0.9593468385104812,129,1.918658380763664,0.07799952899640394,0.9593468385104812,1.8452959544000571,-0.004637102632797152
B0007,40,3.561251720523495,31.22168995083955,1.835529035395719,0.9566731909122572,128,1.918658380763664,0.08312934536794492,0.9566731909122572,1.84065885176726,-0.005129816371540974
B0007,41,3.5611452964933465,31.74476151902101,1.8305671922951,0.9540870905671588,127,1.918658380763664,0.08809118846856401,0.9540870905671587,1.835529035395719,-0.00496184310061909
B0007,42,3.5616345229639053,31.923259965993253,1.8301740129573365,0.9538821664693072,126,1.918658380763664,0.0884843678063274,0.9538821664693071,1.8305671922951,-0.0003931793377633941
B0007,43,3.5604470712578022,31.581172003688422,1.8294320268238509,0.9534954451327082,125,1.918658380763664,0.08922635393981304,0.9534954451327082,1.8301740129573365,-0.0007419861334856392
B0007,44,3.5604902283110547,31.24662583059252,1.825098489521635,0.9512368162148852,124,1.918658380763664,0.09355989124202901,0.9512368162148853,1.8294320268238509,-0.004333537302215973
B0007,45,3.5567002097886946,30.939399361884792,1.8146291124180665,0.9457802027768007,123,1.918658380763664,0.10402926834559745,0.9457802027768009,1.825098489521635,-0.010469377103568434
B0007,46,3.554709504102506,30.93024534146744,1.7990870110259651,0.937679697992872,122,1.918658380763664,0.11957136973769877,0.937679697992872,1.8146291124180665,-0.015542101392101326
B0007,47,3.556136820956993,30.920682316695828,1.7990996758849915,0.9376862988860551,121,1.918658380763664,0.11955870487867237,0.9376862988860551,1.7990870110259651,1.2664859026401132e-05
B0007,48,3.568999942180493,33.8805778170798,1.8340789938432065,0.9559174328434678,120,1.918658380763664,0.08457938692045741,0.9559174328434679,1.7990996758849915,0.03497931795821496
B0007,49,3.571059290544873,33.038339318294426,1.8345391574412495,0.9561572689720133,119,1.918658380763664,0.0841192233224144,0.956157268972013,1.8340789938432065,0.00046016359804301743
B0007,50,3.566692128462209,32.27329169539202,1.819136534931849,0.9481294602365832,118,1.918658380763664,0.099521845831815,0.948129460236583,1.8345391574412495,-0.01540262250940061
B0007,51,3.563327431073248,31.937919783481355,1.809252781234285,0.9429780722684808,117,1.918658380763664,0.109405599529379,0.942978072268481,1.819136534931849,-0.009883753697564002
B0007,52,3.561134579385323,31.666536557848985,1.7991175155150745,0.9376955968571072,116,1.918658380763664,0.11954086524858942,0.9376955968571071,1.809252781234285,-0.010135265719210418
B0007,53,3.5588934224602093,31.75629643677935,1.79408305978737,0.9350716509904644,115,1.918658380763664,0.12457532097629387,0.9350716509904643,1.7991175155150745,-0.0050344557277044455
B0007,54,3.555013984911923,32.133873372089305,1.789027000920329,0.93243644562106,114,1.918658380763664,0.12963137984333484,0.93243644562106,1.79408305978737,-0.005056058867040969
B0007,55,3.5547581194847,31.867158609678675,1.77886939459226,0.9271423263396348,113,1.918658380763664,0.1397889861714039,0.9271423263396347,1.789027000920329,-0.010157606328069058
B0007,56,3.547186025484395,31.81736328028128,1.77378712754283,0.924493461330426,112,1.918658380763664,0.14487125322083383,0.924493461330426,1.77886939459226,-0.005082267049429934
B0007,57,3.544914381444515,31.746753846399645,1.7736403250858588,0.9244169482531408,111,1.918658380763664,0.14501805567780512,0.9244169482531408,1.77378712754283,-0.00014680245697129557
B0007,58,3.5469928443012444,31.933627995798176,1.7638902038086433,0.9193352091718278,110,1.918658380763664,0.15476817695502065,0.9193352091718278,1.7736403250858588,-0.009750121277215529
B0007,59,3.5496306887176288,32.25382455975151,1.7583953641170826,0.9164713123225232,109,1.918658380763664,0.16026301664658127,0.9164713123225233,1.7638902038086433,-0.005494839691560616
B0007,60,3.540832547654255,32.128842946565555,1.752678792356576,0.9134918492675989,108,1.918658380763664,0.16597958840708782,0.9134918492675989,1.7583953641170826,-0.00571657176050655
B0007,61,3.544422791670801,31.998654877270127,1.7427180056678844,0.9083003118951526,107,1.918658380763664,0.17594037509577953,0.9083003118951526,1.752678792356576,-0.009960786688691714
B0007,62,3.537904413316939,31.83543126448576,1.7381422897712362,0.9059154600932248,106,1.918658380763664,0.1805160909924277,0.9059154600932248,1.7427180056678844,-0.00457571589664818
B0007,63,3.540677773432209,32.13788228974874,1.7327581382526571,0.9031092536457612,105,1.918658380763664,0.18590024251100679,0.9031092536457611,1.7381422897712362,-0.005384151518579072
B0007,64,3.538295420926309,32.05572819506284,1.7279128001841753,0.9005838754351005,104,1.918658380763664,0.19074558057948865,0.9005838754351005,1.7327581382526571,-0.004845338068481864
B0007,65,3.540635631808013,32.291287502389686,1.7228622658799142,0.8979515494541457,103,1.918658380763664,0.1957961148837497,0.8979515494541457,1.7279128001841753,-0.005050534304261056
B0007,66,3.5382421006744917,32.168872799174736,1.712445185732525,0.8925221930602038,102,1.918658380763664,0.206213195031139,0.8925221930602039,1.7228622658799142,-0.01041708014738929
B0007,67,3.53298522375534,32.09949526722965,1.7065008008929916,0.8894239943922537,101,1.918658380763664,0.2121575798706723,0.8894239943922537,1.712445185732525,-0.005944384839533301
B0007,68,3.532810895622552,32.09136053797241,1.701970699829911,0.8870629169286994,100,1.918658380763664,0.216687680933753,0.8870629169286994,1.7065008008929916,-0.004530101063080716
B0007,69,3.5317812972198737,32.182015925009495,1.6967716104286583,0.884353164398818,99,1.918658380763664,0.2218867703350056,0.884353164398818,1.701970699829911,-0.005199089401252577
B0007,70,3.5297769822945075,32.23438099539095,1.6972420649995046,0.8845983641569213,98,1.918658380763664,0.22141631576415932,0.8845983641569213,1.6967716104286583,0.0004704545708462682
B0007,71,3.526169905355361,32.23731933249585,1.6914445480834477,0.8815767126872368,97,1.918658380763664,0.22721383268021622,0.8815767126872369,1.6972420649995046,-0.0057975169160568996
B0007,72,3.5265730179666974,32.21746401954225,1.68107361302152,0.8761714069976436,96,1.918658380763664,0.23758476774214388,0.8761714069976436,1.6914445480834477,-0.010370935061927655
B0007,73,3.5245022548553444,32.23410177209761,1.6762738481047983,0.8736697814009017,95,1.918658380763664,0.24238453265886561,0.8736697814009017,1.68107361302152,-0.004799764916721738
B0007,74,3.5228548406546385,32.228343983674435,1.6714008303181838,0.8711299765896486,94,1.918658380763664,0.24725755044548015,0.8711299765896486,1.6762738481047983,-0.004873017786614531
B0007,75,3.525237386262066,32.136429206853464,1.666084962710773,0.8683593595477056,93,1.918658380763664,0.2525734180528909,0.8683593595477056,1.6714008303181838,-0.0053158676074107625
B0007,76,3.5206248151908954,32.14794532598133,1.6605852912250716,0.8654929443792521,92,1.918658380763664,0.2580730895385923,0.8654929443792521,1.666084962710773,-0.005499671485701407
B0007,77,3.5180296425357898,32.01201116636203,1.6655312471084285,0.8680707643460293,91,1.918658380763664,0.2531271336552354,0.8680707643460293,1.6605852912250716,0.0049459558833568895
B0007,78,3.521222605727349,32.506671891788216,1.6652919606006142,0.8679460488103126,90,1.918658380763664,0.25336642016304967,0.8679460488103126,1.6655312471084285,-0.00023928650781424032
B0007,79,3.5180489598588385,31.939408520084413,1.650436289466462,0.8602033097781355,89,1.918658380763664,0.268222091297202,0.8602033097781355,1.6652919606006142,-0.014855671134152315
B0007,80,3.513177838811301,31.774905750356925,1.650640635981679,0.8603098146761756,88,1.918658380763664,0.2680177447819849,0.8603098146761756,1.650436289466462,0.0002043465152170576
B0007,81,3.51449381173406,31.93268480311821,1.6406691895018857,0.8551127214469868,87,1.918658380763664,0.27798919126177823,0.8551127214469868,1.650640635981679,-0.009971446479793311
B0007,82,3.514449456481975,32.371124673814606,1.6399612362815266,0.8547437379804891,86,1.918658380763664,0.27869714448213734,0.8547437379804891,1.6406691895018857,-0.0007079532203591032
B0007,83,3.5177037269291405,32.59212369900797,1.635603339976245,0.852472413210549,85,1.918658380763664,0.28305504078741883,0.852472413210549,1.6399612362815266,-0.0043578963052814945
B0007,84,3.515840301663046,32.51801845144089,1.62971758842537,0.8494047740675493,84,1.918658380763664,0.28894079233829384,0.8494047740675493,1.635603339976245,-0.005885751550875007
B0007,85,3.5093531892374035,32.28388170871417,1.6300139521715218,0.84955923811864,83,1.918658380763664,0.2886444285921421,0.84955923811864,1.62971758842537,0.0002963637461517177
B0007,86,3.5076304337615345,31.9847302532365,1.625322033161384,0.8471138215415263,82,1.918658380763664,0.2933363476022799,0.8471138215415263,1.6300139521715218,-0.004691919010137768
B0007,87,3.509207943122176,32.365261126964526,1.615155023950175,0.8418148015006776,81,1.918658380763664,0.30350335681348883,0.8418148015006776,1.625322033161384,-0.010167009211208944
B0007,88,3.505874897352693,32.72073359124157,1.6090676607347645,0.838642082857045,80,1.918658380763664,0.3095907200288994,0.838642082857045,1.615155023950175,-0.0060873632154105906
B0007,89,3.5040836798338124,32.750339481605884,1.6092957355672235,0.8387609548953119,79,1.918658380763664,0.3093626451964404,0.8387609548953118,1.6090676607347645,0.00022807483245901317
B0007,90,3.529543481634174,32.48046189647892,1.713054299242062,0.8928396615140173,78,1.918658380763664,0.2056040815216018,0.8928396615140173,1.6092957355672235,0.1037585636748386
B0007,91,3.5214347422211065,32.8943333764889,1.650182016186678,0.8600707831739557,77,1.918658380763664,0.26847636457698587,0.8600707831739557,1.713054299242062,-0.06287228305538406
B0007,92,3.5136110488072148,32.95005286126877,1.6450966570045944,0.8574203065528598,76,1.918658380763664,0.2735617237590695,0.8574203065528598,1.650182016186678,-0.0050853591820836375
B0007,93,3.513766889332598,32.74309556091231,1.629791179169406,0.8494431293812278,75,1.918658380763664,0.28886720159425794,0.8494431293812278,1.6450966570045944,-0.01530547783518843
B0007,94,3.510769869032659,32.59734424608833,1.6190861925064266,0.8438637168238352,74,1.918658380763664,0.2995721882572373,0.8438637168238352,1.629791179169406,-0.010704986662979366
B0007,95,3.509062171712321,32.49909562469259,1.6145827618959454,0.8415165399341751,73,1.918658380763664,0.3040756188677185,0.8415165399341751,1.6190861925064266,-0.004503430610481196
B0007,96,3.51417514966828,32.45256364654064,1.6095231308628493,0.8388794727606628,72,1.918658380763664,0.30913524990081465,0.8388794727606628,1.6145827618959454,-0.005059631033096146
B0007,97,3.5063836535253747,32.606421279746,1.6093020502281377,0.8387642460809536,71,1.918658380763664,0.30935633053552625,0.8387642460809536,1.6095231308628493,-0.00022108063471160122
B0007,98,3.5090802796606804,32.60107869713153,1.599406395510768,0.83360665533078,70,1.918658380763664,0.3192519852528959,0.83360665533078,1.6093020502281377,-0.00989565471736964
B0007,99,3.5099101211738217,32.54975368569122,1.5940439964729225,0.8308117862224444,69,1.918658380763664,0.3246143842907414,0.8308117862224444,1.599406395510768,-0.005362399037845522
B0007,100,3.506521805841317,32.67473210709248,1.589233613203248,0.8283046263664204,68,1.918658380763664,0.32942476756041583,0.8283046263664205,1.5940439964729225,-0.004810383269674423
B0007,101,3.500074246846,32.724576765133094,1.5894268743526072,0.8284053535992082,67,1.918658380763664,0.3292315064110567,0.8284053535992082,1.589233613203248,0.0001932611493591363
B0007,102,3.501914419542815,32.68083189083197,1.5839367323219538,0.8255439051591433,66,1.918658380763664,0.33472164844171015,0.8255439051591433,1.5894268743526072,-0.005490142030653455
B0007,103,3.504858596322925,32.64100867193065,1.5892123915111829,0.8282935656730329,65,1.918658380763664,0.32944598925248103,0.8282935656730329,1.5839367323219538,0.0052756591892291205
B0007,104,3.5085269070634766,33.36493826112509,1.5991644260698776,0.8334805414569834,64,1.918658380763664,0.3194939546937863,0.8334805414569834,1.5892123915111829,0.009952034558694756
B0007,105,3.505228031151363,33.21955071991809,1.5894697066449364,0.8284276776839742,63,1.918658380763664,0.32918867411872754,0.8284276776839742,1.5991644260698776,-0.009694719424941267
B0007,106,3.5069306921146413,33.08876199303988,1.5785957032003697,0.8227601739982797,62,1.918658380763664,0.3400626775632942,0.8227601739982797,1.5894697066449364,-0.010874003444566682
B0007,107,3.50072825286148,32.85404563630924,1.5740786846801096,0.8204059151236684,61,1.918658380763664,0.3445796960835543,0.8204059151236684,1.5785957032003697,-0.0045170185202600965
B0007,108,3.5022775552493357,32.92642115950821,1.5681053053420846,0.8172926045948564,60,1.918658380763664,0.3505530754215793,0.8172926045948564,1.5740786846801096,-0.005973379338024998
B0007,109,3.49909547013937,33.2282109237263,1.569192218114822,0.8178591008422523,59,1.918658380763664,0.349466162648842,0.8178591008422523,1.5681053053420846,0.001086912772737314
B0007,110,3.5033580132607427,33.29142761422453,1.56341977731349,0.8148505189815074,58,1.918658380763664,0.355238603450174,0.8148505189815073,1.569192218114822,-0.0057724408013319906
B0007,111,3.498770977613663,33.07677898674124,1.5584576826831076,0.8122642875397186,57,1.918658380763664,0.3602006980805563,0.8122642875397186,1.56341977731349,-0.00496209463038233
B0007,112,3.4991196341724247,32.93771879363968,1.5529748272617572,0.8094066368623906,56,1.918658380763664,0.36568355350190673,0.8094066368623906,1.5584576826831076,-0.005482855421350408
B0007,113,3.5011268252225385,33.14986408229691,1.553183077757011,0.8095151765051648,55,1.918658380763664,0.3654753030066529,0.8095151765051648,1.5529748272617572,0.00020825049525385886
B0007,114,3.498504488037633,33.40272152228082,1.5532523155149134,0.8095512630532427,54,1.918658380763664,0.3654060652487505,0.8095512630532427,1.553183077757011,6.923775790235176e-05
B0007,115,3.492655946458748,33.382402850667845,1.548071807584479,0.8068511951399685,53,1.918658380763664,0.37058657317918486,0.8068511951399685,1.5532523155149134,-0.0051805079304343415
B0007,116,3.493775838274569,33.105371946175296,1.5428534649921322,0.8041314078945341,52,1.918658380763664,0.37580491577153174,0.8041314078945341,1.548071807584479,-0.005218342592346881
B0007,117,3.4940279405661863,32.914077920529806,1.5379647039907234,0.8015833977586896,51,1.918658380763664,0.3806936767729405,0.8015833977586896,1.5428534649921322,-0.004888761001408781
B0007,118,3.491922329889146,33.223052428366124,1.5377889460167051,0.8014917931375751,50,1.918658380763664,0.3808694347469588,0.801491793137575,1.5379647039907234,-0.00017575797401825355
B0007,119,3.496776348290603,33.535689323606825,1.53817465208075,0.8016928221836584,49,1.918658380763664,0.3804837286829139,0.8016928221836584,1.5377889460167051,0.0003857060640448662
B0007,120,3.494174051680382,33.2712148202767,1.5581433380434846,0.8121004518914476,48,1.918658380763664,0.3605150427201793,0.8121004518914476,1.53817465208075,0.0199686859627346
B0007,121,3.5018703410095364,33.3944741736882,1.5579859456510343,0.8120184193659974,47,1.918658380763664,0.3606724351126296,0.8120184193659974,1.5581433380434846,-0.00015739239245027292
B0007,122,3.496077052844948,33.06472669507014,1.5478911926020489,0.806757059058089,46,1.918658380763664,0.370767188161615,0.8067570590580891,1.5579859456510343,-0.010094753048985439
B0007,123,3.490205071045917,32.84493032765692,1.5429668378100458,0.8041904975266699,45,1.918658380763664,0.37569154295361806,0.8041904975266699,1.5478911926020489,-0.004924354792003038
B0007,124,3.4926252040314805,32.73055498252788,1.5319261357534784,0.7984361109369253,44,1.918658380763664,0.38673224501018555,0.7984361109369253,1.5429668378100458,-0.011040702056567486
B0007,125,3.4910635862737025,32.72113785667353,1.5273539138606758,0.7960530802011553,43,1.918658380763664,0.39130446690298815,0.7960530802011553,1.5319261357534784,-0.004572221892802597
B0007,126,3.4912785921609766,32.6693548876639,1.522033993495576,0.7932803508719339,42,1.918658380763664,0.3966243872680879,0.7932803508719339,1.5273539138606758,-0.005319920365099762
B0007,127,3.4891341803013445,32.64029245737314,1.5222649608482963,0.7934007304846029,41,1.918658380763664,0.3963934199153676,0.7934007304846029,1.522033993495576,0.00023096735272032376
B0007,128,3.489939654604392,32.546913115680724,1.511302166580931,0.787686949241794,40,1.918658380763664,0.40735621418273293,0.787686949241794,1.5222649608482963,-0.01096279426736535
B0007,129,3.48352781628331,32.54884968401572,1.5117185254812742,0.7879039544703004,39,1.918658380763664,0.40693985528238974,0.7879039544703004,1.511302166580931,0.00041635890034319445
B0007,130,3.48528076638219,32.508229483705165,1.5067466466611608,0.7853126235330365,38,1.918658380763664,0.41191173410250315,0.7853126235330365,1.5117185254812742,-0.004971878820113407
B0007,131,3.48504402087291,32.59683132825825,1.5016402270615306,0.7826511702744332,37,1.918658380763664,0.41701815370213335,0.7826511702744332,1.5067466466611608,-0.0051064195996302075
B0007,132,3.4771235697896343,32.5921818002815,1.506338149818332,0.7850997159894507,36,1.918658380763664,0.412320230945332,0.7850997159894507,1.5016402270615306,0.004697922756801365
B0007,133,3.48306721253334,32.844212781305764,1.5061255265559166,0.7849888972712531,35,1.918658380763664,0.4125328542077473,0.7849888972712531,1.506338149818332,-0.00021262326241533458
B0007,134,3.493281917850814,33.00403743045007,1.522253138445298,0.7933945686774168,34,1.918658380763664,0.39640524231836594,0.7933945686774168,1.5061255265559166,0.016127611889381388
B0007,135,3.490164830289065,32.806073032044665,1.5062319550908887,0.7850443675603046,33,1.918658380763664,0.4124264256727752,0.7850443675603046,1.522253138445298,-0.016021183354409274
B0007,136,3.482875442157958,32.6333256476394,1.5013201631466058,0.7824843537540283,32,1.918658380763664,0.41733821761705814,0.7824843537540283,1.5062319550908887,-0.004911791944282928
B0007,137,3.4751251761611743,32.50727254333732,1.4962622126496314,0.7798481624717838,31,1.918658380763664,0.42239616811403247,0.7798481624717838,1.5013201631466058,-0.005057950496974328
B0007,138,3.481810972366023,32.805310482680554,1.4911093020305677,0.7771624782089016,30,1.918658380763664,0.4275490787330962,0.7771624782089017,1.4962622126496314,-0.005152910619063755
B0007,139,3.4752879866980213,33.108440423821506,1.4856699711366328,0.7743275124075537,29,1.918658380763664,0.4329884096270311,0.7743275124075537,1.4911093020305677,-0.0054393308939348906
B0007,140,3.477752706048072,32.80940703700142,1.4859812989704009,0.7744897757040786,28,1.918658380763664,0.43267708179326303,0.7744897757040787,1.4856699711366328,0.0003113278337680825
B0007,141,3.477368939838843,32.4976577326297,1.4809103101677878,0.771846788889201,27,1.918658380763664,0.43774807059587606,0.771846788889201,1.4859812989704009,-0.00507098880261303
B0007,142,3.4756392807897054,32.399368295159974,1.4755872873797,0.7690724425847957,26,1.918658380763664,0.4430710933839639,0.7690724425847957,1.4809103101677878,-0.005323022788087828
B0007,143,3.47606471071809,32.674385205640434,1.4758414112067468,0.7692048912945789,25,1.918658380763664,0.4428169695569171,0.7692048912945789,1.4755872873797,0.0002541238270468149
B0007,144,3.47766928350212,32.75101601982924,1.4710276490694665,0.7666959703811204,24,1.918658380763664,0.4476307316941974,0.7666959703811204,1.4758414112067468,-0.004813762137280353
B0007,145,3.4702881664812324,32.553930503976986,1.4710163489325307,0.7666900807777136,23,1.918658380763664,0.44764203183113316,0.7666900807777136,1.4710276490694665,-1.1300136935732397e-05
B0007,146,3.46603437056957,32.3516696546324,1.465574366731693,0.7638537331217689,22,1.918658380763664,0.45308401403197096,0.7638537331217689,1.4710163489325307,-0.005441982200837803
B0007,147,3.4709924964919394,32.195560596342645,1.4604647592785718,0.7611906183618149,21,1.918658380763664,0.45819362148509213,0.7611906183618149,1.465574366731693,-0.005109607453121168
B0007,148,3.470627759767966,32.54943296384084,1.4610409426336697,0.7614909237006259,20,1.918658380763664,0.4576174381299942,0.7614909237006259,1.4604647592785718,0.0005761833550979034
B0007,149,3.470419714422906,32.55534030958853,1.46050419704954,0.761211173230448,19,1.918658380763664,0.45815418371412386,0.761211173230448,1.4610409426336697,-0.0005367455841296387
B0007,150,3.465684119593161,32.18791653554362,1.4660609324275535,0.76410732995836,18,1.918658380763664,0.4525974483361104,0.76410732995836,1.46050419704954,0.005556735378013489
B0007,151,3.4814298830642976,32.575629030772575,1.4861113303860884,0.7745575477561497,17,1.918658380763664,0.43254705037757546,0.7745575477561497,1.4660609324275535,0.020050397958534916
B0007,152,3.4735817879753323,32.63851786308171,1.4760537723947813,0.7693155734202577,16,1.918658380763664,0.4426046083688826,0.7693155734202577,1.4861113303860884,-0.010057557991307142
B0007,153,3.478564210182081,32.39922296118655,1.4660797497521576,0.7641171375013769,15,1.918658380763664,0.4525786310115063,0.7641171375013769,1.4760537723947813,-0.009974022642623703
B0007,154,3.4770895549292065,32.34721755145349,1.4606837317631134,0.7613047462788725,14,1.918658380763664,0.4579746490005505,0.7613047462788725,1.4660797497521576,-0.005396017989044211
B0007,155,3.472693919103484,32.34014149730464,1.4558210423113818,0.7587703245702011,13,1.918658380763664,0.46283733845228214,0.7587703245702011,1.4606837317631134,-0.004862689451731628
B0007,156,3.4635011119445216,32.417221778010834,1.4560659407330836,0.7588979650215484,12,1.918658380763664,0.4625924400305803,0.7588979650215484,1.4558210423113818,0.0002448984217018335
B0007,157,3.4705433941589363,32.26246207174689,1.450467960656423,0.7559803116587687,11,1.918658380763664,0.4681904201072409,0.7559803116587687,1.4560659407330836,-0.005597980076660569
B0007,158,3.473074477667001,32.23526477179494,1.4449463061619223,0.7531024390005298,10,1.918658380763664,0.4737120746017416,0.7531024390005298,1.450467960656423,-0.005521654494500705
B0007,159,3.4693944137516426,32.224496845623875,1.4455254017445935,0.7534042621851452,9,1.918658380763664,0.47313297901907037,0.7534042621851452,1.4449463061619223,0.0005790955826712185
B0007,160,3.4681795152416925,32.35830989443741,1.4405573921083568,0.7508149478569429,8,1.918658380763664,0.47810098865530715,0.7508149478569429,1.4455254017445935,-0.004968009636236781
B0007,161,3.4655115208024574,32.382548057885955,1.44086007381564,0.7509727048137403,7,1.918658380763664,0.47779830694802383,0.7509727048137403,1.4405573921083568,0.00030268170728331434
B0007,162,3.469633234737017,32.400354422817585,1.435073284528951,0.7479566445579351,6,1.918658380763664,0.4835850962347128,0.7479566445579351,1.44086007381564,-0.005786789286688965
B0007,163,3.462801729980905,32.40145335065268,1.4352722067645014,0.7480603223348362,5,1.918658380763664,0.4833861739991625,0.7480603223348362,1.435073284528951,0.00019892223555029176
B0007,164,3.4639491910648754,32.371643295046454,1.430435418162429,0.7455394000849112,4,1.918658380763664,0.4882229626012349,0.7455394000849112,1.4352722067645014,-0.004836788602072373
B0007,165,3.462018591789468,32.476321581653146,1.4305399544518391,0.7455938841402586,3,1.918658380763664,0.4881184263118248,0.7455938841402585,1.430435418162429,0.0001045362894100954
B0007,166,3.4599232255488763,32.56110530121831,1.4246865933239352,0.7425431268055556,2,1.918658380763664,0.4939717874397287,0.7425431268055556,1.4305399544518391,-0.005853361127903911
B0007,167,3.4661845090362093,32.748368716476314,1.4459746811623757,0.7536384255058731,1,1.918658380763664,0.4726836996012882,0.7536384255058731,1.4246865933239352,0.021288087838440495
B0007,168,3.48002839689148,32.854519693875154,1.4566612610005576,0.7592082444717322,0,1.918658380763664,0.4619971197631063,0.7592082444717322,1.4459746811623757,0.010686579838181887
B0018,2,3.5366795723909523,31.90487267484507,1.851059162741557,0.993664916744571,130,1.8628605393516025,0.011801376610045544,0.9936649167445711,1.8628605393516025,-0.011801376610045544
B0018,3,3.5425807518885057,31.27203035213361,1.8585113874886487,0.9976653368456302,129,1.8628605393516025,0.004349151862953704,0.9976653368456302,1.851059162741557,0.00745222474709184
B0018,4,3.543933265993688,30.75365133836021,1.844509917136642,0.9901492238268425,128,1.8628605393516025,0.018350622214960532,0.9901492238268422,1.8585113874886487,-0.014001470352006828
B0018,5,3.5488896864077035,31.88620155993708,1.8465998645840207,0.9912711260858844,127,1.8628605393516025,0.01626067476758175,0.9912711260858843,1.844509917136642,0.0020899474473787816
B0018,6,3.549760024144016,31.97665931442893,1.8477781560846476,0.9919036433762214,126,1.8628605393516025,0.01508238326695488,0.9919036433762215,1.8465998645840207,0.0011782915006268713
B0018,7,3.549473515045624,31.612708878375187,1.8238313628191491,0.9790487931286376,125,1.8628605393516025,0.0390291765324533,0.9790487931286376,1.8477781560846476,-0.023946793265498423
B0018,8,3.550347288247336,31.22689707747769,1.8238399220459307,0.9790533877972136,124,1.8628605393516025,0.039020617305671745,0.9790533877972135,1.8238313628191491,8.559226781557072e-06
B0018,9,3.546770651502268,31.072006825073448,1.8125284358615923,0.9729812820515652,123,1.8628605393516025,0.05033210349001016,0.9729812820515652,1.8238399220459307,-0.011311486184338415
B0018,10,3.5455548180266265,31.106194047986342,1.831388191392597,0.9831053654880896,122,1.8628605393516025,0.03147234795900555,0.9831053654880896,1.8125284358615923,0.018859755531004607
B0018,11,3.5510536477549093,31.44815624277413,1.8316864549064615,0.9832654759781474,121,1.8628605393516025,0.031174084445140915,0.9832654759781473,1.831388191392597,0.00029826351386463834
B0018,12,3.5532951391610825,31.21782768025756,1.807449812285241,0.970255032034954,120,1.8628605393516025,0.05541072706636152,0.9702550320349541,1.8316864549064615,-0.024236642621220605
B0018,13,3.5578337422326785,30.718781166240998,1.804806910902502,0.9688362992168448,119,1.8628605393516025,0.05805362844910045,0.9688362992168448,1.807449812285241,-0.002642901382738927
B0018,14,3.546172828958916,30.47869304858397,1.79752511923422,0.9649273690986426,118,1.8628605393516025,0.06533542011738236,0.9649273690986426,1.804806910902502,-0.007281791668281912
B0018,15,3.544147142948023,30.79654646688297,1.7894345334077804,0.9605842711288634,117,1.8628605393516025,0.07342600594382209,0.9605842711288634,1.79752511923422,-0.008090585826439733
B0018,16,3.549475499489536,31.352095870431828,1.7859110797757478,0.9586928500817146,116,1.8628605393516025,0.07694945957585464,0.9586928500817146,1.7894345334077804,-0.003523453632032547
B0018,17,3.550143788378801,31.414983742991957,1.7828186749350394,0.957032819835014,115,1.8628605393516025,0.08004186441656302,0.9570328198350141,1.7859110797757478,-0.003092404840708385
B0018,18,3.5520253161110857,30.9589921359488,1.7564557089841029,0.9428809467376792,114,1.8628605393516025,0.10640483036749959,0.9428809467376793,1.7828186749350394,-0.026362965950936568
B0018,19,3.5475670865441487,30.39410640174039,1.7490342413521267,0.9388970373278211,113,1.8628605393516025,0.11382629799947575,0.9388970373278213,1.7564557089841029,-0.007421467631976153
B0018,20,3.5390037237020318,30.147539686657566,1.7578722701311675,0.9436413692798616,112,1.8628605393516025,0.10498826922043492,0.9436413692798615,1.7490342413521267,0.00883802877904083
B0018,21,3.5367152345105186,30.04230693038704,1.7343941042312578,0.9310380823434804,111,1.8628605393516025,0.1284664351203446,0.9310380823434805,1.7578722701311675,-0.023478165899909698
B0018,22,3.538331470382509,30.07934385697249,1.7237387125037031,0.9253181739002734,110,1.8628605393516025,0.1391218268478993,0.9253181739002734,1.7343941042312578,-0.010655391727554697
B0018,23,3.5390600422480207,30.034987282135447,1.7258515007103656,0.9264523372807472,109,1.8628605393516025,0.1370090386412368,0.9264523372807473,1.7237387125037031,0.002112788206662497
B0018,24,3.529409711880608,30.103427566925856,1.7104026987024497,0.9181592838387044,108,1.8628605393516025,0.1524578406491528,0.9181592838387043,1.7258515007103656,-0.015448802007915985
B0018,25,3.5453841192431144,30.024891285744083,1.758498980814534,0.943977793113062,107,1.8628605393516025,0.10436155853706852,0.943977793113062,1.7104026987024497,0.048096282112084277
B0018,26,3.536082145853414,30.912996431641325,1.7533389913485509,0.9412078651678496,106,1.8628605393516025,0.10952154800305158,0.9412078651678497,1.758498980814534,-0.005159989465983061
B0018,27,3.5426385566102274,31.31013593637612,1.7251336927957983,0.9260670116487936,105,1.8628605393516025,0.13772684655580414,0.9260670116487936,1.7533389913485509,-0.028205298552752556
B0018,28,3.5401861855184382,31.27225990813852,1.7265024350720193,0.9268017645985218,104,1.8628605393516025,0.13635810427958317,0.9268017645985218,1.7251336927957983,0.0013687422762209689
B0018,29,3.5384145002505054,30.95239796560248,1.7083162035968895,0.9170392348272596,103,1.8628605393516025,0.15454433575471294,0.9170392348272596,1.7265024350720193,-0.018186231475129766
B0018,30,3.5379571650404764,30.842719100754696,1.7035984382556038,0.914506696700209,102,1.8628605393516025,0.1592621010959987,0.914506696700209,1.7083162035968895,-0.004717765341285762
B0018,31,3.539505246128126,30.860690680582955,1.6914556230697553,0.9079883261999272,101,1.8628605393516025,0.17140491628184717,0.9079883261999273,1.7035984382556038,-0.012142815185848477
B0018,32,3.5331279347112563,31.23848447770355,1.6865631216037031,0.9053619881769236,100,1.8628605393516025,0.1762974177478993,0.9053619881769237,1.6914556230697553,-0.004892501466052135
B0018,33,3.5296743994481763,31.43598279300544,1.6803610137099985,0.9020326418502989,99,1.8628605393516025,0.182499525641604,0.9020326418502987,1.6865631216037031,-0.006202107893704678
B0018,34,3.530530540410437,31.15406130211457,1.6668229364082106,0.8947652823159667,98,1.8628605393516025,0.1960376029433919,0.8947652823159667,1.6803610137099985,-0.01353807730178791
B0018,35,3.5248713530501625,30.99767816217333,1.6642474761000183,0.8933827524626645,97,1.8628605393516025,0.19861306325158412,0.8933827524626645,1.6668229364082106,-0.0025754603081922234
B0018,36,3.5221744547663385,30.789036565422503,1.660541898491578,0.8913935656555135,96,1.8628605393516025,0.20231864086002438,0.8913935656555135,1.6642474761000183,-0.003705577608440258
B0018,37,3.523490460898389,30.806001015801787,1.6374943803717044,0.8790214542531776,95,1.8628605393516025,0.2253661589798981,0.8790214542531776,1.660541898491578,-0.02304751811987371
B0018,38,3.5161506190278704,31.15257372761508,1.643587756278925,0.8822924322885712,94,1.8628605393516025,0.2192727830726775,0.8822924322885712,1.6374943803717044,0.006093375907220588
B0018,39,3.5148564548305274,31.263003788207737,1.6301947421404632,0.8751029439422652,93,1.8628605393516025,0.23266579721113922,0.8751029439422652,1.643587756278925,-0.013393014138461723
B0018,40,3.525196781169993,30.597524589171435,1.6975097211361545,0.9112382195432618,92,1.8628605393516025,0.16535081821544795,0.9112382195432618,1.6301947421404632,0.06731497899569128
B0018,41,3.5233396575416074,30.839899633911184,1.6523667470742085,0.8870050721292,91,1.8628605393516025,0.21049379227739395,0.8870050721292,1.6975097211361545,-0.045142974061946006
B0018,42,3.5207152413483755,30.62387175860525,1.653913091137744,0.8878351632878616,90,1.8628605393516025,0.20894744821385847,0.8878351632878616,1.6523667470742085,0.0015463440635354875
B0018,43,3.515533414288017,30.43735102344871,1.625992968097495,0.8728473945040711,89,1.8628605393516025,0.2368675712541075,0.8728473945040711,1.653913091137744,-0.027920123040249045
B0018,44,3.516643835502188,30.17043137853754,1.6261088368602687,0.8729095938798839,88,1.8628605393516025,0.2367517024913337,0.8729095938798839,1.625992968097495,0.00011586876277380753
B0018,45,3.5076098607782846,30.22478616037628,1.6050407599418768,0.8616000640072263,87,1.8628605393516025,0.25781977940972567,0.8616000640072263,1.6261088368602687,-0.021068076918391965
B0018,46,3.536710523666029,30.43618862577125,1.7476364108512246,0.9381466695620256,86,1.8628605393516025,0.11522412850037789,0.9381466695620256,1.6050407599418768,0.14259565090934778
B0018,47,3.5316197644248453,30.654356415678283,1.7196331353001997,0.9231142637756148,85,1.8628605393516025,0.14322740405140277,0.923114263775615,1.7476364108512246,-0.028003275551024887
B0018,48,3.5394054746187824,30.44668773562132,1.6989011004550514,0.9119851242575464,84,1.8628605393516025,0.16395943889655107,0.9119851242575465,1.7196331353001997,-0.020732034845148295
B0018,49,3.536147297980209,30.401517803375345,1.6874465348751562,0.9058362122279418,83,1.8628605393516025,0.17541400447644628,0.9058362122279418,1.6989011004550514,-0.011454565579895215
B0018,50,3.523354253170023,30.455191548916737,1.675540403137886,0.8994448954944764,82,1.8628605393516025,0.18732013621371646,0.8994448954944764,1.6874465348751562,-0.011906131737270176
B0018,51,3.531838568771692,31.09466909709014,1.6813597794041202,0.902568788101198,81,1.8628605393516025,0.18150075994748227,0.9025687881011981,1.675540403137886,0.005819376266234189
B0018,52,3.53267550572012,30.948649470215408,1.6628702588758502,0.8926434500859833,80,1.8628605393516025,0.1999902804757523,0.8926434500859833,1.6813597794041202,-0.01848952052827002
B0018,53,3.527192976431739,30.801149839451824,1.6410692475022044,0.8809404745206553,79,1.8628605393516025,0.22179129184939805,0.8809404745206553,1.6628702588758502,-0.021801011373645762
B0018,54,3.5157885153716317,30.71724221196254,1.6215563965232551,0.8704658036761372,78,1.8628605393516025,0.24130414282834733,0.8704658036761372,1.6410692475022044,-0.01951285097894928
B0018,55,3.519282423978253,30.59622696241539,1.6220290094745478,0.8707195064849675,77,1.8628605393516025,0.2408315298770547,0.8707195064849675,1.6215563965232551,0.00047261295129263914
B0018,56,3.5251294154623705,30.648969893939984,1.683720355573408,0.9038359662497616,76,1.8628605393516025,0.17914018377819452,0.9038359662497617,1.6220290094745478,0.06169134609886018
B0018,57,3.532183946935977,30.820082972162304,1.6556612021524757,0.8887735647289807,75,1.8628605393516025,0.20719933719912675,0.888773564728981,1.683720355573408,-0.028059153420932237
B0018,58,3.5226368312333465,30.855495111022663,1.6229285956128343,0.8712024122738249,74,1.8628605393516025,0.23993194373876814,0.8712024122738248,1.6556612021524757,-0.032732606539641385
B0018,59,3.520711384976638,30.70926710730475,1.6085201005393974,0.8634678047876133,73,1.8628605393516025,0.254340438812205,0.8634678047876133,1.6229285956128343,-0.014408495073436889
B0018,60,3.516532924354693,30.61661963902344,1.601846570208424,0.859885394730607,72,1.8628605393516025,0.26101396914317854,0.8598853947306069,1.6085201005393974,-0.0066735303309735095
B0018,61,3.511747607148957,30.668627876826253,1.5953308711654897,0.8563877099038071,71,1.8628605393516025,0.2675296681861128,0.8563877099038071,1.601846570208424,-0.006515699042934253
B0018,62,3.511492086472172,30.817453538819723,1.5860693269022266,0.8514160310971441,70,1.8628605393516025,0.2767912124493759,0.8514160310971441,1.5953308711654897,-0.009261544263263088
B0018,63,3.5035406841377097,30.896339005992523,1.5588495727224003,0.8368042265069301,69,1.8628605393516025,0.30401096662920213,0.8368042265069301,1.5860693269022266,-0.02721975417982625
B0018,64,3.5044363748876965,30.823175209232883,1.5622093703612774,0.8386077955706919,68,1.8628605393516025,0.30065116899032507,0.8386077955706919,1.5588495727224003,0.00335979763887706
B0018,65,3.4975498368513165,30.760062199890044,1.5420463735406509,0.827784120692891,67,1.8628605393516025,0.32081416581095157,0.827784120692891,1.5622093703612774,-0.0201629968206265
B0018,66,3.504907843032277,30.59688785742321,1.548501299570435,0.8312491820291684,66,1.8628605393516025,0.3143592397811674,0.8312491820291684,1.5420463735406509,0.006454926029784147
B0018,67,3.502733965093075,30.48658621327603,1.5254545152662586,0.8188774645455836,65,1.8628605393516025,0.3374060240853438,0.8188774645455836,1.548501299570435,-0.023046784304176393
B0018,68,3.49198686705852,30.61413660023716,1.523505350421594,0.817831135631803,64,1.8628605393516025,0.3393551889300084,0.817831135631803,1.5254545152662586,-0.0019491648446645637
B0018,69,3.4921075582117096,30.575586966980666,1.523631419725722,0.8178988107483589,63,1.8628605393516025,0.33922911962588054,0.8178988107483588,1.523505350421594,0.00012606930412784045
B0018,70,3.484930872511677,30.57253960773229,1.5062854103440582,0.808587319622082,62,1.8628605393516025,0.3565751290075443,0.808587319622082,1.523631419725722,-0.01734600938166375
B0018,71,3.5035085056285693,30.65606775199684,1.5558557323793551,0.8351971065536097,61,1.8628605393516025,0.3070048069722473,0.8351971065536097,1.5062854103440582,0.04957032203529699
B0018,72,3.4945480586811746,31.127429044865416,1.527175997582498,0.819801571466029,60,1.8628605393516025,0.33568454176910456,0.8198015714660289,1.5558557323793551,-0.02867973479685726
B0018,73,3.48908042742638,31.04568668303551,1.5111892116214245,0.8112197234836577,59,1.8628605393516025,0.35167132773017795,0.8112197234836578,1.527175997582498,-0.01598678596107339
B0018,74,3.485047885017245,31.08282089250736,1.5024701163351004,0.8065392360815472,58,1.8628605393516025,0.36039042301650204,0.8065392360815472,1.5111892116214245,-0.008719095286324086
B0018,75,3.4964762874345428,30.67296224006353,1.5005617650266443,0.8055148162346809,57,1.8628605393516025,0.36229877432495816,0.8055148162346807,1.5024701163351004,-0.0019083513084561243
B0018,76,3.482549008381843,30.926826079689317,1.503288177161449,0.8069783783625004,56,1.8628605393516025,0.3595723621901534,0.8069783783625004,1.5005617650266443,0.0027264121348047343
B0018,77,3.486438555387488,30.930078722349784,1.4769203431983828,0.7928238920732348,55,1.8628605393516025,0.3859401961532196,0.7928238920732348,1.503288177161449,-0.02636783396306619
B0018,78,3.4869839166209657,31.074359833531467,1.4906881052717451,0.8002145484227189,54,1.8628605393516025,0.37217243407985734,0.8002145484227189,1.4769203431983828,0.013767762073362277
B0018,79,3.4808173564954026,31.003289924734425,1.47549119324033,0.7920567117460643,53,1.8628605393516025,0.3873693461112724,0.7920567117460643,1.4906881052717451,-0.015196912031415044
B0018,80,3.4752115193182918,30.87846898667432,1.4705470955801268,0.7894026764300743,52,1.8628605393516025,0.3923134437714757,0.7894026764300743,1.47549119324033,-0.004944097660203317
B0018,81,3.482381267778809,30.546366288170688,1.470319795582236,0.7892806597825104,51,1.8628605393516025,0.39254074376936643,0.7892806597825104,1.4705470955801268,-0.00022729999789072863
B0018,82,3.4780552676902183,30.73422883662697,1.4583755608007982,0.7828688889982116,50,1.8628605393516025,0.40448497855080423,0.7828688889982116,1.470319795582236,-0.011944234781437801
B0018,83,3.4814860767818225,31.039189233317828,1.4500223688601517,0.7783848217456226,49,1.8628605393516025,0.4128381704914508,0.7783848217456227,1.4583755608007982,-0.008353191940646543
B0018,84,3.475622548580395,31.20051093527249,1.4389567662315748,0.77244470846563,48,1.8628605393516025,0.4239037731200277,0.77244470846563,1.4500223688601517,-0.01106560262857692
B0018,85,3.4784558456742456,30.93262638567178,1.4356413103980503,0.7706649424748392,47,1.8628605393516025,0.42721922895355213,0.7706649424748391,1.4389567662315748,-0.003315455833524439
B0018,86,3.4828578090707256,30.901507721593152,1.4927963029271298,0.8013462475546993,46,1.8628605393516025,0.3700642364244726,0.8013462475546993,1.4356413103980503,0.05715499252907952
B0018,87,3.4799682765153657,31.00766216074483,1.4756339290418392,0.7921333335856996,45,1.8628605393516025,0.38722661030976324,0.7921333335856996,1.4927963029271298,-0.017162373885290627
B0018,88,3.475539838105518,30.854734364369957,1.453685093721166,0.780351004819257,44,1.8628605393516025,0.4091754456304364,0.780351004819257,1.4756339290418392,-0.021948835320673155
B0018,89,3.470361025052904,30.700086635634783,1.4515020466377009,0.7791791258528235,43,1.8628605393516025,0.41135849271390157,0.7791791258528235,1.453685093721166,-0.0021830470834651727
B0018,90,3.4643383518433133,30.49921415261311,1.4316165362808064,0.7685044081609581,42,1.8628605393516025,0.431244003070796,0.7685044081609581,1.4515020466377009,-0.019885510356894454
B0018,91,3.4794640783813504,31.047238329354578,1.4655348112733362,0.7867120379196171,41,1.8628605393516025,0.39732572807826627,0.7867120379196171,1.4316165362808064,0.03391827499252975
B0018,92,3.4704439149742057,31.18787731194387,1.451535389105307,0.7791970243840888,40,1.8628605393516025,0.41132515024629535,0.7791970243840887,1.4655348112733362,-0.013999422168029074
B0018,93,3.4677708921877146,31.30692665670786,1.4430190778644056,0.7746253932496047,39,1.8628605393516025,0.4198414614871968,0.7746253932496047,1.451535389105307,-0.008516311240901464
B0018,94,3.4625785309442425,31.449063957830145,1.426222266188126,0.7656087163049493,38,1.8628605393516025,0.43663827316347636,0.7656087163049494,1.4430190778644056,-0.016796811676279555
B0018,95,3.464960910230719,31.156684305354105,1.4290643048521543,0.7671343477754713,37,1.8628605393516025,0.43379623449944815,0.7671343477754713,1.426222266188126,0.0028420386640282125
B0018,96,3.4657251251208003,31.25029410709822,1.4266142617943098,0.7658191430104935,36,1.8628605393516025,0.4362462775572926,0.7658191430104935,1.4290643048521543,-0.0024500430578444643
B0018,97,3.462645067853554,31.21549019162773,1.42025979224821,0.762408007602412,35,1.8628605393516025,0.44260074710339237,0.7624080076024121,1.4266142617943098,-0.00635446954609975
B0018,98,3.4631342374441827,31.26768565244629,1.409930130439307,0.7568629538580784,34,1.8628605393516025,0.4529304089122954,0.7568629538580784,1.42025979224821,-0.010329661808903046
B0018,99,3.465283204218561,31.280134197725005,1.4005714620655867,0.7518391379706166,33,1.8628605393516025,0.46228907728601576,0.7518391379706166,1.409930130439307,-0.009358668373720347
B0018,100,3.455806520401074,31.27525888484745,1.4023479729544448,0.7527927847151423,32,1.8628605393516025,0.46051256639715765,0.7527927847151423,1.4005714620655867,0.0017765108888581072
B0018,101,3.4602572329016468,31.328484669284443,1.401333225033066,0.7522480590634133,31,1.8628605393516025,0.46152731431853655,0.7522480590634132,1.4023479729544448,-0.0010147479213789001
B0018,102,3.4506149474983,31.329411058794037,1.3888183298459682,0.7455299527303144,30,1.8628605393516025,0.47404220950563425,0.7455299527303144,1.401333225033066,-0.012514895187097697
B0018,103,3.4546354950817006,31.395766494905438,1.3769105936441492,0.7391377747061003,29,1.8628605393516025,0.4859499457074532,0.7391377747061003,1.3888183298459682,-0.011907736201818953
B0018,104,3.462433011771701,31.318989210081323,1.3791751161048762,0.7403533903750624,28,1.8628605393516025,0.48368542324672625,0.7403533903750624,1.3769105936441492,0.0022645224607269476
B0018,105,3.4499374478731,31.463225947128365,1.3805018329106042,0.7410655836808424,27,1.8628605393516025,0.4823587064409982,0.7410655836808424,1.3791751161048762,0.0013267168057280454
B0018,106,3.479880406037193,30.24200730538288,1.4717582055485212,0.7900528109639327,26,1.8628605393516025,0.39110233380308124,0.7900528109639327,1.3805018329106042,0.09125637263791697
B0018,107,3.4792649481074496,30.85410957592202,1.466588779058292,0.7872778171407082,25,1.8628605393516025,0.39627176029331035,0.7872778171407083,1.4717582055485212,-0.005169426490229112
B0018,108,3.481238570455729,31.11916449927804,1.454739802087976,0.7809171815912321,24,1.8628605393516025,0.4081207372636264,0.7809171815912321,1.466588779058292,-0.01184897697031606
B0018,109,3.471272983388293,31.201407722884586,1.4404258942118262,0.7732333493484106,23,1.8628605393516025,0.42243464513977624,0.7732333493484106,1.454739802087976,-0.014313907876149834
B0018,110,3.4761574296647497,30.748229520347344,1.431526831766222,0.7684562539847922,22,1.8628605393516025,0.4313337075853805,0.7684562539847922,1.4404258942118262,-0.008899062445604233
B0018,111,3.466511121771869,30.71009019355552,1.417757763740277,0.7610648965884207,21,1.8628605393516025,0.4451027756113255,0.7610648965884207,1.431526831766222,-0.01376906802594502
B0018,112,3.470338644714713,30.840292496366036,1.4103059177111512,0.7570646797865127,20,1.8628605393516025,0.45255462164045124,0.7570646797865127,1.417757763740277,-0.0074518460291257416
B0018,113,3.455811390320402,31.503683582493597,1.4064025293849245,0.7549693064379605,19,1.8628605393516025,0.45645800996667796,0.7549693064379606,1.4103059177111512,-0.00390338832622672
B0018,114,3.4629259240850088,31.82291018612209,1.4141297519010432,0.7591173477716443,18,1.8628605393516025,0.4487307874505593,0.7591173477716443,1.4064025293849245,0.007727222516118681
B0018,115,3.4715389837726605,31.431411073890512,1.3975937690930171,0.7502406860684651,17,1.8628605393516025,0.4652667702585853,0.7502406860684651,1.4141297519010432,-0.01653598280802604
B0018,116,3.4556299098105105,31.181599614040827,1.3993583757704948,0.7511879425271218,16,1.8628605393516025,0.46350216358110763,0.7511879425271218,1.3975937690930171,0.001764606677477687
B0018,117,3.4581985794866976,30.97661583551672,1.3798593750808337,0.7407207066402915,15,1.8628605393516025,0.4830011642707688,0.7407207066402915,1.3993583757704948,-0.01949900068966115
B0018,118,3.456953951700771,30.633763294294592,1.388990077417892,0.7456221483446912,14,1.8628605393516025,0.4738704619337104,0.7456221483446912,1.3798593750808337,0.009130702337058372
B0018,119,3.451123916095441,30.707769011145363,1.3780934924501809,0.7397727652386945,13,1.8628605393516025,0.4847670469014216,0.7397727652386945,1.388990077417892,-0.010896584967711176
B0018,120,3.4525961253213784,30.32909186815584,1.3657615452813667,0.7331528670185591,12,1.8628605393516025,0.4970989940702357,0.7331528670185591,1.3780934924501809,-0.012331947168814139
B0018,121,3.471248379211993,30.303964216484047,1.44374564155469,0.7750154190593399,11,1.8628605393516025,0.41911489779691236,0.7750154190593399,1.3657615452813667,0.07798409627332337
B0018,122,3.47175769384246,30.65978199235614,1.4233029858366255,0.7640416208139921,10,1.8628605393516025,0.43955755351497694,0.764041620813992,1.44374564155469,-0.020442655718064584
B0018,123,3.462802066089272,30.94971167755009,1.417977653746172,0.7611829354867978,9,1.8628605393516025,0.44488288560543054,0.7611829354867976,1.4233029858366255,-0.005325332090453605
B0018,124,3.468273609684094,30.81828886809732,1.3998852622445228,0.7514707798425826,8,1.8628605393516025,0.46297527710707964,0.7514707798425826,1.417977653746172,-0.018092391501649097
B0018,125,3.463326492999943,30.713083634983946,1.3948617570926776,0.7487741178833391,7,1.8628605393516025,0.4679987822589249,0.7487741178833391,1.3998852622445228,-0.005023505151845242
B0018,126,3.465675391856656,30.712971193395163,1.3966248692160383,0.7497205720521384,6,1.8628605393516025,0.4662356701355641,0.7497205720521384,1.3948617570926776,0.0017631121233607772
B0018,127,3.458878126845661,31.021955786454253,1.3933740332593654,0.7479754945823002,5,1.8628605393516025,0.4694865060922371,0.7479754945823002,1.3966248692160383,-0.0032508359566729705
B0018,128,3.4608205118051174,31.64926495398571,1.3821634995433347,0.741957581013777,4,1.8628605393516025,0.4806970398082677,0.741957581013777,1.3933740332593654,-0.011210533716030646
B0018,129,3.4696621033588024,31.67531070987236,1.380473210039466,0.7410502186706693,3,1.8628605393516025,0.48238732931213635,0.7410502186706693,1.3821634995433347,-0.001690289503868625
B0018,130,3.4557272556661176,31.489950616212408,1.368874576993662,0.7348239699522113,2,1.8628605393516025,0.49398596235794034,0.7348239699522113,1.380473210039466,-0.011598633045803997
B0018,131,3.4623720561079625,31.09662843576389,1.374366231640379,0.7377719386974338,1,1.8628605393516025,0.4884943077112234,0.7377719386974338,1.368874576993662,0.00549165464671697
B0018,132,3.444056375135327,31.17536139519199,1.3525948555689564,0.7260848716242323,0,1.8628605393516025,0.510265683782646,0.7260848716242323,1.374366231640379,-0.021771376071422655
B0025,2,3.388115202725496,33.06918775398545,2.484991710991069,1.0398386864850733,10,2.38978578436141,-0.09520592662965921,1.0398386864850733,2.38978578436141,0.09520592662965921
B0025,3,3.389367057504983,33.35488869656678,2.4973550575724355,1.0450120985382672,9,2.38978578436141,-0.1075692732110256,1.0450120985382672,2.484991710991069,0.012363346581366397
B0025,4,3.412499359480664,33.288121886891,2.368786687493155,0.9912129794203014,8,2.38978578436141,0.020999096868254963,0.9912129794203014,2.4973550575724355,-0.12856837007928057
B0025,12,3.425032380887749,32.92951740734653,2.4989960513448937,1.0456987683574603,0,2.38978578436141,-0.1092102669834838,1.0456987683574603,2.368786687493155,0.13020936385173876
B0026,2,3.403811638432231,32.66289492127397,2.204177790145649,0.9722227009097802,23,2.2671531821701323,0.06297539202448332,0.9722227009097802,2.2671531821701323,-0.06297539202448332
B0026,3,3.4311762872925726,32.75578430095242,2.2278472537607485,0.9826628704586428,22,2.2671531821701323,0.03930592840938374,0.9826628704586429,2.204177790145649,0.023669463615099584
B0026,4,3.4185590672184856,32.99325692569553,2.1412782139132878,0.9444788427854016,21,2.2671531821701323,0.12587496825684452,0.9444788427854018,2.2278472537607485,-0.08656903984746078
B0026,5,3.420081975023523,32.8083131430857,2.2455943291700544,0.9904907823742894,20,2.2671531821701323,0.02155885300007787,0.9904907823742894,2.1412782139132878,0.10431611525676665
B0026,6,3.291263429446194,31.552212133254145,1.78552167633144,0.7875611098418714,19,2.2671531821701323,0.4816315058386922,0.7875611098418716,2.2455943291700544,-0.4600726528386143
B0026,8,3.419096558229817,32.717395893461315,2.098185588914547,0.9254714703071591,17,2.2671531821701323,0.1689675932555854,0.9254714703071591,1.78552167633144,0.3126639125831068
B0026,9,3.4077455451511613,32.7257748847899,2.3176844822381497,1.0222884366461946,16,2.2671531821701323,-0.050531300068017426,1.0222884366461946,2.098185588914547,0.21949889332360284
B0026,10,3.4325249451815725,32.8190895019324,2.251805748053728,0.9932305261783354,15,2.2671531821701323,0.01534743411640438,0.9932305261783354,2.3176844822381497,-0.0658787341844218
B0026,11,3.384533981130541,32.256440985421314,2.1543641305432546,0.9502508024098684,14,2.2671531821701323,0.11278905162687769,0.9502508024098684,2.251805748053728,-0.09744161751047331
B0026,12,3.4188855553278086,32.67173373533785,2.261445838100366,0.9974825944207693,13,2.2671531821701323,0.00570734406976614,0.9974825944207691,2.1543641305432546,0.10708170755711155
B0026,13,3.4259657412781377,33.064758057670176,2.3055614103868423,1.016941170327073,12,2.2671531821701323,-0.03840822821670997,1.016941170327073,2.261445838100366,0.04411557228647611
B0026,14,3.425883468756864,33.058283740003645,2.212743411870177,0.9760008407337196,11,2.2671531821701323,0.054409770299955085,0.9760008407337197,2.3055614103868423,-0.09281799851666506
B0026,15,3.439616174181564,32.94144373617716,2.123194425562885,0.9365024129205732,10,2.2671531821701323,0.1439587566072471,0.9365024129205733,2.212743411870177,-0.08954898630729202
B0026,16,3.437079870556269,33.05450393291245,2.194236634727414,0.9678378382121836,9,2.2671531821701323,0.07291654744271847,0.9678378382121836,2.123194425562885,0.07104220916452864
B0026,17,3.3353074826450904,33.33227503257711,2.3015197806547616,1.015158481021443,8,2.2671531821701323,-0.03436659848462931,1.0151584810214427,2.194236634727414,0.10728314592734778
B0026,20,3.403074626117843,33.33480392209399,2.343903525238332,1.0338531792521994,5,2.2671531821701323,-0.07675034306819972,1.0338531792521994,2.3015197806547616,0.042383744583570415
B0026,25,3.405578719634477,32.52125730387728,2.3760839532998563,1.0480473802945485,0,2.2671531821701323,-0.10893077112972405,1.0480473802945485,2.343903525238332,0.032180428061524324
B0027,2,3.3979737944772914,34.102489525850054,2.076952285821678,0.96601473951972,24,2.1500213204348104,0.07306903461313263,0.96601473951972,2.1500213204348104,-0.07306903461313263
B0027,3,3.421425245111569,34.33881645648612,2.0549413994791714,0.955777219485242,23,2.1500213204348104,0.095079920955639,0.9557772194852419,2.076952285821678,-0.022010886342506364
B0027,4,3.417552275381929,34.535723255966495,1.9912809911871103,0.9261680208754408,22,2.1500213204348104,0.1587403292477001,0.9261680208754408,2.0549413994791714,-0.0636604082920611
B0027,6,3.3870893965910804,34.43375767255746,2.1799638905192262,1.013926638680197,20,2.1500213204348104,-0.02994257008441581,1.013926638680197,1.9912809911871103,0.1886828993321159
B0027,8,3.404700105579112,34.272725331273115,2.117732980876951,0.9849823165700844,18,2.1500213204348104,0.03228833955785948,0.9849823165700843,2.1799638905192262,-0.06223090964227529
B0027,9,3.3994145489603134,34.25532157319111,2.093083670048084,0.9735176345250326,17,2.1500213204348104,0.05693765038672627,0.9735176345250328,2.117732980876951,-0.02464931082886679
B0027,10,3.389829235426837,34.614769024942554,2.235095203702336,1.03956885564759,16,2.1500213204348104,-0.08507388326752574,1.03956885564759,2.093083670048084,0.142011533654252
B0027,12,3.399535355207209,34.326885042956825,2.1857510553721493,1.0166183165709786,14,2.1500213204348104,-0.035729734937338886,1.0166183165709786,2.235095203702336,-0.049344148330186854
B0027,13,3.3805390773159534,34.60641656878807,2.2436872384269577,1.0435651112395503,13,2.1500213204348104,-0.0936659179921473,1.0435651112395503,2.1857510553721493,0.05793618305480841
B0027,14,3.41008380175987,34.66509151604769,2.1604651114121296,1.0048575290291573,12,2.1500213204348104,-0.010443790977319178,1.0048575290291573,2.2436872384269577,-0.08322212701482812
B0027,15,3.392403033678931,34.626965774943095,2.144261254550319,0.9973209261555942,11,2.1500213204348104,0.0057600658844916275,0.9973209261555942,2.1604651114121296,-0.016203856861810806
B0027,16,3.4007858314615453,34.629164678155895,2.154609457279986,1.0021339959755595,10,2.1500213204348104,-0.004588136845175672,1.0021339959755597,2.144261254550319,0.0103482027296673
B0027,26,3.4087455172619427,34.04018808539351,2.230685135871464,1.0375176816480778,0,2.1500213204348104,-0.08066381543665369,1.037517681648078,2.154609457279986,0.07607567859147801
B0028,2,3.663994806418496,30.036458681905216,2.141601154200414,0.9710219024464228,26,2.2055127168653943,0.06391156266498044,0.9710219024464228,2.2055127168653943,-0.06391156266498044
B0028,3,3.6776076403533287,30.20053257962053,2.042098812963259,0.9259066145243592,25,2.2055127168653943,0.16341390390213517,0.9259066145243593,2.141601154200414,-0.09950234123715473
B0028,4,3.67459448373288,30.363967963726544,2.025938981517668,0.9185795964926708,24,2.2055127168653943,0.17957373534772625,0.9185795964926708,2.042098812963259,-0.016159831445591077
B0028,5,3.67115584659145,30.383937662198488,2.147960725842466,0.9739053914389918,23,2.2055127168653943,0.057551991022928295,0.9739053914389918,2.025938981517668,0.12202174432479795
B0028,6,3.6565576012505954,30.1421312918691,2.257191428794365,1.0234316091373163,22,2.2055127168653943,-0.05167871192897078,1.0234316091373163,2.147960725842466,0.10923070295189907
B0028,8,3.675445084600218,30.13767372860762,2.085507611110027,0.9455885677567408,20,2.2055127168653943,0.12000510575536749,0.9455885677567409,2.257191428794365,-0.17168381768433827
B0028,9,3.6785462742832817,30.181243255087807,1.997714609638085,0.9057824035026902,19,2.2055127168653943,0.2077981072273094,0.9057824035026901,2.085507611110027,-0.08779300147194191
B0028,10,3.6768642581788926,30.56544787535965,1.9581494203774548,0.887843178324763,18,2.2055127168653943,0.24736329648793953,0.887843178324763,1.997714609638085,-0.03956518926063013
B0028,11,3.6742410036055295,29.83010513505345,2.15456462005648,0.9768996585604256,17,2.2055127168653943,0.05094809680891421,0.9768996585604255,1.9581494203774548,0.19641519967902532
B0028,12,3.673848446507388,30.3183051712434,2.08490258591625,0.945314243700865,16,2.2055127168653943,0.12061013094914408,0.945314243700865,2.15456462005648,-0.06966203414022987
B0028,13,3.6666201252416415,30.71345553130328,2.104159494297416,0.9540455052501224,15,2.2055127168653943,0.1013532225679783,0.9540455052501228,2.08490258591625,0.019256908381165783
B0028,14,3.675694771720853,30.61978519608569,1.9960597479185795,0.905032073791666,14,2.2055127168653943,0.20945296894681475,0.9050320737916661,2.104159494297416,-0.10809974637883646
B0028,15,3.6754520973020486,30.4798150300894,1.967871256355008,0.8922511492710247,13,2.2055127168653943,0.23764146051038626,0.8922511492710247,1.9960597479185795,-0.028188491563571505
B0028,16,3.678652925947562,30.57952376337625,2.0129472075602117,0.9126890052219384,12,2.2055127168653943,0.19256550930518257,0.9126890052219385,1.967871256355008,0.04507595120520369
B0028,17,3.659259720806845,31.111418120425764,2.194368732512836,0.9949472137397616,11,2.2055127168653943,0.011143984352558256,0.9949472137397617,2.0129472075602117,0.1814215249526243
B0028,18,3.678978751440296,30.90744386451066,2.1621930585656983,0.980358463604207,10,2.2055127168653943,0.04331965829969597,0.980358463604207,2.194368732512836,-0.03217567394713772
B0028,19,3.676390711186735,30.7448965408205,2.2099876043198714,1.0020289556347863,9,2.2055127168653943,-0.0044748874544771056,1.0020289556347863,2.1621930585656983,0.04779454575417308
B0028,20,3.673142851740156,30.690586663734887,2.2399547544592333,1.015616340513688,8,2.2055127168653943,-0.034442037593839014,1.015616340513688,2.2099876043198714,0.02996715013936191
B0028,21,3.6678207495822592,30.45813773341444,2.284574505074489,1.035847350869716,7,2.2055127168653943,-0.07906178820909471,1.0358473508697161,2.2399547544592333,0.04461975061525569
B0028,22,3.67152516926094,30.52548366990235,2.1471690703360324,0.973546447461757,6,2.2055127168653943,0.05834364652936186,0.973546447461757,2.284574505074489,-0.13740543473845657
B0028,23,3.661039543644776,29.863579549304404,2.2342233210796816,1.013017655257546,5,2.2055127168653943,-0.028710604214287283,1.013017655257546,2.1471690703360324,0.08705425074364914
B0028,24,3.6685148201924553,29.90874368713441,2.2462204204870213,1.018457251826452,4,2.2055127168653943,-0.04070770362162701,1.018457251826452,2.2342233210796816,0.011997099407339729
B0028,25,3.666623538151372,29.904079593056775,2.1741832350352093,0.9857949212486464,3,2.2055127168653943,0.031329481830185024,0.9857949212486463,2.2462204204870213,-0.07203718545181204
B0028,26,3.671149927816885,29.977233337798918,2.134759035608893,0.9679196221742664,2,2.2055127168653943,0.07075368125650128,0.9679196221742667,2.1741832350352093,-0.03942419942631625
B0028,27,3.667965250039512,29.902262757896427,2.18752257909719,0.9918431040407816,1,2.2055127168653943,0.01799013776820413,0.9918431040407816,2.134759035608893,0.05276354348829715
B0028,28,3.652778526791786,30.05611717599524,2.2341499436895944,1.0129843852657088,0,2.2055127168653943,-0.028637226824200113,1.0129843852657088,2.18752257909719,0.04662736459240424
B0029,10,3.395654464273582,52.84755775554828,1.803548262899736,1.0325750925433312,30,1.7466509466710296,-0.05689731622870631,1.0325750925433315,1.7466509466710296,0.05689731622870631
B0029,11,3.3873610338185065,52.85910177194302,1.8234907147435997,1.04399262956289,29,1.7466509466710296,-0.07683976807257009,1.0439926295628903,1.803548262899736,0.019942451843863784
B0029,12,3.3881015858374486,52.90857656820391,1.807688552421402,1.0349455086413832,28,1.7466509466710296,-0.061037605750372315,1.034945508641383,1.8234907147435997,-0.015802162322197777
B0029,13,3.392760141843427,52.852840549073626,1.8171585044591847,1.0403672857032695,27,1.7466509466710296,-0.0705075577881551,1.0403672857032693,1.807688552421402,0.00946995203778278
B0029,14,3.393429266924263,52.830047253486256,1.781646978690349,1.0200360765189054,26,1.7466509466710296,-0.034996032019319445,1.0200360765189054,1.8171585044591847,-0.03551152576883565
B0029,15,3.390107344601811,52.85449027682896,1.8000712370798535,1.0305844109898652,25,1.7466509466710296,-0.0534202904088239,1.0305844109898652,1.781646978690349,0.018424258389504455
B0029,16,3.3952154633066995,52.721179096315566,1.8204949349564792,1.0422774730269893,24,1.7466509466710296,-0.07384398828544958,1.0422774730269893,1.8000712370798535,0.02042369787662568
B0029,17,3.3960020846775576,52.81570254666117,1.8165005315086569,1.039990580242008,23,1.7466509466710296,-0.06984958483762727,1.0399905802420082,1.8204949349564792,-0.0039944034478223145
B0029,18,3.394086637497574,52.85223290388832,1.792527700840663,1.0262655536626082,22,1.7466509466710296,-0.04587675416963344,1.0262655536626082,1.8165005315086569,-0.023972830667993827
B0029,19,3.395445013286884,52.81456982736023,1.778564388124794,1.0182712187083451,21,1.7466509466710296,-0.03191344145376429,1.0182712187083451,1.792527700840663,-0.013963312715869147
B0029,20,3.39242189255841,52.845280061248985,1.781943599761268,1.0202058992711185,20,1.7466509466710296,-0.035292653090238435,1.0202058992711185,1.778564388124794,0.0033792116364741442
B0029,21,3.3864551956566245,52.80918007180956,1.8002872845778195,1.0307081034187262,19,1.7466509466710296,-0.0536363379067899,1.0307081034187262,1.781943599761268,0.018343684816551464
B0029,22,3.3972198940207377,52.87374138039793,1.7742437381324885,1.0157975418695122,18,1.7466509466710296,-0.027592791461458877,1.0157975418695122,1.8002872845778195,-0.026043546445331023
B0029,23,3.3969074547835043,52.83508400076108,1.7587670958880797,1.0069367890820673,17,1.7466509466710296,-0.012116149217050065,1.0069367890820673,1.7742437381324885,-0.015476642244408811
B0029,24,3.40208091641698,52.79945851584293,1.7424393512651,0.9975887595549892,16,1.7466509466710296,0.004211595405929636,0.9975887595549892,1.7587670958880797,-0.0163277446229797
B0029,25,3.399506709196819,52.81583881917435,1.7351814460527293,0.993433432913336,15,1.7466509466710296,0.011469500618300321,0.9934334329133361,1.7424393512651,-0.0072579052123706855
B0029,26,3.40007660405378,52.76136858135751,1.7551981338446565,1.0048934718123943,14,1.7466509466710296,-0.008547187173626902,1.0048934718123945,1.7351814460527293,0.020016687791927223
B0029,27,3.39188411954494,52.89932871188106,1.7499102584874229,1.0018660350098023,13,1.7466509466710296,-0.0032593118163932733,1.0018660350098028,1.7551981338446565,-0.005287875357233629
B0029,28,3.382081591658302,52.88160339284643,1.718325112429384,0.9837827733723028,12,1.7466509466710296,0.028325834241645698,0.9837827733723029,1.7499102584874229,-0.03158514605803897
B0029,29,3.3953981804383435,52.77630021278885,1.725712376106793,0.988012160870411,11,1.7466509466710296,0.020938570564236647,0.988012160870411,1.718325112429384,0.0073872636774090505
B0029,30,3.3988237807695696,52.75722569133031,1.7084565333677784,0.97813277267788,10,1.7466509466710296,0.03819441330325124,0.9781327726778801,1.725712376106793,-0.017255842739014593
B0029,31,3.390342780538032,52.75453931324388,1.7156038479122604,0.9822247834818156,9,1.7466509466710296,0.03104709875876921,0.9822247834818156,1.7084565333677784,0.007147314544482031
B0029,32,3.3958195705258083,52.808348907093816,1.6990983243656497,0.9727749712121868,8,1.7466509466710296,0.04755262230537993,0.9727749712121868,1.7156038479122604,-0.016505523546610723
B0029,33,3.3889113751572504,52.81534812242933,1.7021226279823831,0.9745064583318644,7,1.7466509466710296,0.044528318688646484,0.9745064583318643,1.6990983243656497,0.003024303616733448
B0029,34,3.388467549674061,52.84010823721256,1.694007994879164,0.9698606342084556,6,1.7466509466710296,0.05264295179186562,0.9698606342084555,1.7021226279823831,-0.008114633103219138
B0029,35,3.3929031204271807,52.82477814998477,1.67619396209918,0.9596616686887928,5,1.7466509466710296,0.07045698457184968,0.9596616686887928,1.694007994879164,-0.017814032779984057
B0029,36,3.383550681470166,52.84878847815226,1.6970090214784443,0.9715787946714832,4,1.7466509466710296,0.04964192519258526,0.9715787946714833,1.67619396209918,0.020815059379264422
B0029,37,3.393690426192836,52.86228097238458,1.6772945828395254,0.96029180073804,3,1.7466509466710296,0.06935636383150423,0.9602918007380401,1.6970090214784443,-0.019714438638918974
B0029,38,3.386603152519078,52.80892521625668,1.6703953143511132,0.9563418023130188,2,1.7466509466710296,0.07625563231991639,0.9563418023130189,1.6772945828395254,-0.006899268488412158
B0029,39,3.390104937672501,52.83245127669873,1.663090845410351,0.9521598168083112,1,1.7466509466710296,0.08356010126067859,0.9521598168083113,1.6703953143511132,-0.007304468940762199
B0029,40,3.3850191492367943,52.91920185424772,1.655119055032449,0.9475957736071808,0,1.7466509466710296,0.09153189163858055,0.9475957736071808,1.663090845410351,-0.007971790377901966
B0030,8,3.3823777333115275,54.24230543171019,1.7741429832659743,1.0484123593152257,32,1.6922186842825493,-0.08192429898342501,1.0484123593152255,1.6922186842825493,0.08192429898342501
B0030,9,3.3879461849049983,54.15360140656882,1.7502044388751783,1.034266111780472,31,1.6922186842825493,-0.057985754592629,1.034266111780472,1.7741429832659743,-0.023938544390796013
B0030,10,3.383589423006486,54.22531041748434,1.748369094271044,1.0331815329248069,30,1.6922186842825493,-0.05615040998849463,1.0331815329248069,1.7502044388751783,-0.0018353446041343702
B0030,11,3.378187883203007,54.27805815563775,1.7579258100419208,1.0388289801842183,29,1.6922186842825493,-0.06570712575937154,1.0388289801842185,1.748369094271044,0.009556715770876911
B0030,12,3.3872270612733906,54.24400266886001,1.7425305344582829,1.0297312933860343,28,1.6922186842825493,-0.050311850175733586,1.0297312933860343,1.7579258100419208,-0.015395275583637957
B0030,13,3.387969833955272,54.24150010859244,1.7289741563407102,1.0217202849723552,27,1.6922186842825493,-0.036755472058160876,1.0217202849723552,1.7425305344582829,-0.01355637811757271
B0030,14,3.3904407473911244,54.144583235601054,1.7151877594385372,1.0135733492185888,26,1.6922186842825493,-0.022969075155987895,1.0135733492185888,1.7289741563407102,-0.013786396902172982
B0030,15,3.3859058007878597,54.22886640157327,1.711543280601096,1.011419680268298,25,1.6922186842825493,-0.01932459631854666,1.011419680268298,1.7151877594385372,-0.003644478837441234
B0030,16,3.370535098903842,54.2178828637883,1.7737990987695462,1.0482091441518298,24,1.6922186842825493,-0.08158041448699693,1.0482091441518298,1.711543280601096,0.06225581816845027
B0030,17,3.3818818293669906,54.19595550447961,1.749401983745867,1.0337919088085012,23,1.6922186842825493,-0.05718329946331768,1.0337919088085012,1.7737990987695462,-0.02439711502367925
B0030,18,3.384702720700248,54.18204184390158,1.734753358211004,1.025135447518409,22,1.6922186842825493,-0.04253467392845467,1.0251354475184087,1.749401983745867,-0.014648625534863013
B0030,19,3.386500945528153,54.158283214929554,1.7096296170777223,1.0102888196170432,21,1.6922186842825493,-0.01741093279517303,1.010288819617043,1.734753358211004,-0.02512374113328164
B0030,20,3.381392431485989,54.2737552277801,1.702773176603882,1.0062370735055484,20,1.6922186842825493,-0.010554492321332765,1.0062370735055484,1.7096296170777223,-0.006856440473840264
B0030,21,3.3805260912583326,54.33751658801327,1.709459303670608,1.0101881745829844,19,1.6922186842825493,-0.017240619388058764,1.0101881745829844,1.702773176603882,0.006686127066726
B0030,22,3.387987254540438,54.26411678328909,1.693806064526152,1.0009380467538542,18,1.6922186842825493,-0.0015873802436026097,1.0009380467538542,1.709459303670608,-0.015653239144456155
B0030,23,3.3850745394831474,54.39457638741746,1.6884059043009692,0.9977468751426788,17,1.6922186842825493,0.003812779981580139,0.9977468751426789,1.693806064526152,-0.0054001602251827485
B0030,24,3.38664688313599,54.34155218140086,1.6721656101825333,0.9881498329463736,16,1.6922186842825493,0.020053074100016,0.9881498329463736,1.6884059043009692,-0.01624029411843586
B0030,25,3.3832665388725705,54.37678858796463,1.6752201072559156,0.9899548579716572,15,1.6922186842825493,0.016998577026633654,0.9899548579716572,1.6721656101825333,0.003054497073382345
B0030,26,3.3867622027884003,54.32262730046686,1.684174450772677,0.9952463392677392,14,1.6922186842825493,0.008044233509872267,0.9952463392677391,1.6752201072559156,0.008954343516761387
B0030,27,3.3911042704139183,54.286331410376576,1.6685610137906166,0.9860197321352926,13,1.6922186842825493,0.02365767049193268,0.9860197321352926,1.684174450772677,-0.015613436982060414
B0030,28,3.385125350396556,54.14848136163768,1.660660138810038,0.9813507877169604,12,1.6922186842825493,0.03155854547251136,0.9813507877169603,1.6685610137906166,-0.007900874980578676
B0030,29,3.384804742282028,54.21526642857668,1.6540479364596905,0.9774433717241208,11,1.6922186842825493,0.038170747822858786,0.9774433717241209,1.660660138810038,-0.006612202350347429
B0030,30,3.3891042182166835,54.27348592297266,1.6368984181719075,0.967309032440984,10,1.6922186842825493,0.05532026611064178,0.9673090324409839,1.6540479364596905,-0.017149518287782994
B0030,31,3.3809744198596148,54.38352760408053,1.6442858351280738,0.971674553886162,9,1.6922186842825493,0.04793284915447549,0.9716745538861619,1.6368984181719075,0.007387416956166293
B0030,32,3.377917796248197,54.38641951177468,1.6493448678433973,0.9746641395480578,8,1.6922186842825493,0.042873816439152,0.9746641395480578,1.6442858351280738,0.005059032715323486
B0030,33,3.376636017441842,54.25862202911024,1.6418697539981886,0.9702467944882034,7,1.6922186842825493,0.050348930284360716,0.9702467944882034,1.6493448678433973,-0.007475113845208714
B0030,34,3.3807441115896077,54.37976182078541,1.623155169099209,0.9591875944729796,6,1.6922186842825493,0.06906351518334031,0.9591875944729796,1.6418697539981886,-0.01871458489897959
B0030,35,3.3870672693934285,54.42543761419732,1.615457812536812,0.9546389172636504,5,1.6922186842825493,0.07676087174573731,0.9546389172636505,1.623155169099209,-0.007697356562397006
B0030,36,3.38207590832046,54.3621795770984,1.6368042129903375,0.9672533628148032,4,1.6922186842825493,0.055414471292211775,0.9672533628148031,1.615457812536812,0.021346400453525538
B0030,37,3.3903241762881926,54.31407272737664,1.6160755279948489,0.9550039501425416,3,1.6922186842825493,0.07614315628770041,0.9550039501425415,1.6368042129903375,-0.020728684995488633
B0030,38,3.386049023346448,54.279588082755566,1.6097577352190262,0.951270512594249,2,1.6922186842825493,0.08246094906352308,0.951270512594249,1.6160755279948489,-0.006317792775822673
B0030,39,3.3863950606723803,54.40200457530938,1.602027347748293,0.9467023160942732,1,1.6922186842825493,0.09019133653425637,0.9467023160942731,1.6097577352190262,-0.007730387470733291
B0030,40,3.386934094597006,54.35480349322902,1.5941889914398013,0.942070316470764,0,1.6922186842825493,0.09802969284274798,0.9420703164707641,1.602027347748293,-0.007838356308491612
B0031,16,3.40095456627701,53.8368863785077,1.7639971792632676,1.0420000275843972,24,1.6928955206965115,-0.0711016585667561,1.0420000275843972,1.6928955206965115,0.0711016585667561
B0031,20,3.4151082828634527,53.82681609555268,1.7740483081584402,1.047937268703115,20,1.6928955206965115,-0.08115278746192867,1.0479372687031152,1.7639971792632676,0.010051128895172567
B0031,23,3.4177703275489826,53.840550878539375,1.7622183395101965,1.0409492599904588,17,1.6928955206965115,-0.06932281881368496,1.040949259990459,1.7740483081584402,-0.011829968648243705
B0031,24,3.414654317780998,53.81123696921584,1.7672808234689492,1.0439396890493473,16,1.6928955206965115,-0.07438530277243771,1.0439396890493473,1.7622183395101965,0.00506248395875275
B0031,25,3.414289587172545,53.81770348599793,1.76097620236285,1.040215524723184,15,1.6928955206965115,-0.0680806816663384,1.0402155247231841,1.7672808234689492,-0.006304621106099306
B0031,26,3.4145994489347067,53.754287656200816,1.7699079981354269,1.045491571391972,14,1.6928955206965115,-0.07701247743891537,1.0454915713919721,1.76097620236285,0.008931795772576967
B0031,27,3.4248774653161558,53.711431807207,1.7552099274816513,1.0368093636159552,13,1.6928955206965115,-0.062314406785139775,1.0368093636159552,1.7699079981354269,-0.014698070653775597
B0031,28,3.420974185160828,53.69342764953342,1.747579434833075,1.0323020017880753,12,1.6928955206965115,-0.054683914136563594,1.0323020017880755,1.7552099274816513,-0.0076304926485761815
B0031,29,3.419222990393996,53.68262976674364,1.731353957465067,1.0227175488967757,11,1.6928955206965115,-0.038458436768555426,1.0227175488967757,1.747579434833075,-0.016225477368008168
B0031,30,3.423217374797564,53.633628437869824,1.7247297154972514,1.0188045832785015,10,1.6928955206965115,-0.0318341948007399,1.0188045832785015,1.731353957465067,-0.006624241967815525
B0031,31,3.416452789875919,53.70681490715237,1.7427142072124384,1.0294280928190005,9,1.6928955206965115,-0.04981868651592691,1.0294280928190003,1.7247297154972514,0.017984491715187012
B0031,32,3.420095731247544,53.640194623026446,1.7280824950184317,1.0207850832445011,8,1.6928955206965115,-0.035186974321920195,1.0207850832445011,1.7427142072124384,-0.014631712194006719
B0031,33,3.418207639268387,53.65373339276206,1.721210826371503,1.0167259617199185,7,1.6928955206965115,-0.02831530567499141,1.0167259617199185,1.7280824950184317,-0.006871668646928786
B0031,34,3.4190055604969225,53.65355338521763,1.7135752147361027,1.0122155760865164,6,1.6928955206965115,-0.020679694039591245,1.0122155760865166,1.721210826371503,-0.0076356116354001635
B0031,35,3.4200180230564365,53.647830742878845,1.7058187654568306,1.0076338111846397,5,1.6928955206965115,-0.012923244760319141,1.0076338111846395,1.7135752147361027,-0.007756449279272104
B0031,36,3.41552953622903,53.654715008055895,1.7271243592662713,1.020219108711255,4,1.6928955206965115,-0.03422883856975978,1.0202191087112553,1.7058187654568306,0.021305593809440637
B0031,37,3.4078033788067725,53.79305544678645,1.706273469616658,1.0079024067088571,3,1.6928955206965115,-0.013377948920146432,1.0079024067088571,1.7271243592662713,-0.020850889649613347
B0031,38,3.41779861113639,53.664775822893546,1.711354780272774,1.0109039567714535,2,1.6928955206965115,-0.018459259576262488,1.0109039567714537,1.706273469616658,0.005081310656116056
B0031,39,3.4171273158478552,53.69539241507324,1.704391248850459,1.0067905715464456,1,1.6928955206965115,-0.011495728153947393,1.0067905715464458,1.711354780272774,-0.006963531422315095
B0031,40,3.4171177490510103,53.68095305339497,1.69683305615624,1.0023259175841568,0,1.6928955206965115,-0.003937535459728414,1.0023259175841568,1.704391248850459,-0.007558192694218979
B0032,13,3.3484628238138683,54.25103735697759,1.7807231690700167,1.0410807328904357,27,1.7104563678995892,-0.0702668011704275,1.0410807328904355,1.7104563678995892,0.0702668011704275
B0032,14,3.3487815270043853,54.29183493154322,1.7676004680256758,1.0334086862421743,26,1.7104563678995892,-0.05714410012608662,1.0334086862421743,1.7807231690700167,-0.013122701044340879
B0032,15,3.3533418444979395,54.24570410999079,1.7863430388417192,1.04436632957514,25,1.7104563678995892,-0.07588667094212997,1.04436632957514,1.7676004680256758,0.018742570816043358
B0032,16,3.336105494483646,54.468237603,1.7934599588076674,1.0485271606255615,24,1.7104563678995892,-0.08300359090807818,1.0485271606255617,1.7863430388417192,0.00711691996594821
B0032,17,3.3431125490676408,54.46379579048703,1.7908097016080595,1.04697771613265,23,1.7104563678995892,-0.08035333370847031,1.04697771613265,1.7934599588076674,-0.002650257199607875
B0032,18,3.348730040978949,54.44606099758541,1.7899504287559471,1.046475351460719,22,1.7104563678995892,-0.0794940608563579,1.0464753514607188,1.7908097016080595,-0.0008592728521124027
B0032,19,3.3527809456328743,54.39402583554437,1.775710258106368,1.0381499881735712,21,1.7104563678995892,-0.06525389020677874,1.0381499881735712,1.7899504287559471,-0.014240170649579165
B0032,20,3.3559992882384817,54.43228630136255,1.7574332398098569,1.027464525136034,20,1.7104563678995892,-0.04697687191026767,1.027464525136034,1.775710258106368,-0.01827701829651107
B0032,21,3.3433009936056317,54.58749035260009,1.7759042859233285,1.0382634244591156,19,1.7104563678995892,-0.06544791802373928,1.0382634244591156,1.7574332398098569,0.018471046113471612
B0032,22,3.350947867883145,54.58888176891289,1.760956551972094,1.0295243918642123,18,1.7104563678995892,-0.050500184072504783,1.0295243918642123,1.7759042859233285,-0.014947733951234499
B0032,23,3.351949039148667,54.626766126569,1.745088723610897,1.0202474359248557,17,1.7104563678995892,-0.03463235571130774,1.0202474359248555,1.760956551972094,-0.015867828361197045
B0032,24,3.349297591300232,54.64310926864166,1.739930839048761,1.0172319339460063,16,1.7104563678995892,-0.029474471149171677,1.0172319339460063,1.745088723610897,-0.005157884562136061
B0032,25,3.340161134958223,54.84175581068358,1.7088302022737607,0.9990492796797702,15,1.7104563678995892,0.0016261656258285129,0.9990492796797702,1.739930839048761,-0.03110063677500019
B0032,26,3.338038513805744,54.80376571462472,1.7628997274516114,1.0306604486008737,14,1.7104563678995892,-0.05244335955202217,1.0306604486008735,1.7088302022737607,0.054069525177850686
B0032,27,3.352510194233582,54.67910889850089,1.7254666092440336,1.008775576873017,13,1.7104563678995892,-0.015010241344444397,1.008775576873017,1.7628997274516114,-0.037433118207577776
B0032,28,3.3449316868464978,54.75344462805044,1.7282878751649369,1.0104249997836805,12,1.7104563678995892,-0.017831507265347657,1.0104249997836803,1.7254666092440336,0.0028212659209032598
B0032,29,3.3410570565184403,54.75461470179901,1.7118095571773324,1.0007911276213406,11,1.7104563678995892,-0.0013531892777431942,1.0007911276213406,1.7282878751649369,-0.016478317987604463
B0032,30,3.344566812676641,54.74865999209295,1.706887476632087,0.9979134859359876,10,1.7104563678995892,0.003568891267502261,0.9979134859359875,1.7118095571773324,-0.004922080545245455
B0032,31,3.336907578692204,54.85845446854383,1.7144742710220404,1.002349024037009,9,1.7104563678995892,-0.004017903122451205,1.002349024037009,1.706887476632087,0.007586794389953466
B0032,32,3.3420187202920366,54.80080580048806,1.6978848926604724,0.9926502216162612,8,1.7104563678995892,0.012571475239116836,0.9926502216162612,1.7144742710220404,-0.01658937836156804
B0032,33,3.345945128399124,54.73161318357485,1.6909083831077634,0.9885714800104312,7,1.7104563678995892,0.019547984791825845,0.9885714800104312,1.6978848926604724,-0.006976509552709009
B0032,34,3.340811338756253,54.91748160748661,1.6808518184722177,0.9826920171815168,6,1.7104563678995892,0.029604549427371563,0.9826920171815167,1.6909083831077634,-0.010056564635545717
B0032,35,3.343683677125901,54.79002575630378,1.675111451534606,0.9793359731190416,5,1.7104563678995892,0.03534491636498327,0.9793359731190417,1.6808518184722177,-0.005740366937611707
B0032,36,3.337379818407669,54.91679435988125,1.6964321668144802,0.9918009010061272,4,1.7104563678995892,0.014024201085109045,0.9918009010061271,1.675111451534606,0.021320715279874225
B0032,37,3.332224200902303,54.99737199703748,1.6629321018793048,0.972215446759017,3,1.7104563678995892,0.04752426602028437,0.972215446759017,1.6964321668144802,-0.03350006493517532
B0032,38,3.3406975425250534,54.85304065526831,1.6699474733642303,0.9763169085773856,2,1.7104563678995892,0.040508894535358886,0.9763169085773856,1.6629321018793048,0.007015371484925481
B0032,39,3.339312976802264,54.89156532831915,1.650144835546146,0.9647395084228284,1,1.7104563678995892,0.06031153235344311,0.9647395084228283,1.6699474733642303,-0.019802637818084223
B0032,40,3.3339348029897247,54.88128668957654,1.6424022443156183,0.960212885367231,0,1.7104563678995892,0.0680541235839709,0.9602128853672308,1.650144835546146,-0.007742591230527784
B0033,145,3.7530265184592335,32.39035931572692,0.520104892932856,0.7248801173596351,1,0.7175047024704309,0.19739980953757486,0.7248801173596351,0.7175047024704309,-0.19739980953757486
B0033,146,3.742105030622553,32.91514289584032,0.5323158763207608,0.7418987979980496,0,0.7175047024704309,0.18518882614967003,0.7418987979980496,0.520104892932856,0.012210983387904828
B0039,3,3.5018437479588886,34.647340482457935,0.5770433127351932,1.0259315155066249,9,0.5624579262975833,-0.01458538643760987,1.0259315155066249,0.5624579262975833,0.01458538643760987
B0039,4,3.5004942991158545,34.84733016425384,0.5693422322252047,1.0122396815934978,8,0.5624579262975833,-0.006884305927621459,1.0122396815934978,0.5770433127351932,-0.007701080509988412
B0039,5,3.5091099120479177,34.65058122225926,0.5621793099357472,0.999504644971989,7,0.5624579262975833,0.0002786163618361259,0.999504644971989,0.5693422322252047,-0.007162922289457585
B0039,6,3.506729063215269,34.62333656348314,0.5589563693188937,0.9937745441659276,6,0.5624579262975833,0.0035015569786895906,0.9937745441659276,0.5621793099357472,-0.0032229406168534647
B0039,7,3.436729343326169,35.365226736439865,0.5516459045402101,0.98077719016506,5,0.5624579262975833,0.01081202175737317,0.9807771901650599,0.5589563693188937,-0.007310464778683579
B0039,8,3.5093081273842035,34.59403327880961,0.5562134832400984,0.9888979374891392,4,0.5624579262975833,0.006244443057484839,0.9888979374891393,0.5516459045402101,0.0045675786998883305
B0039,9,3.5128756949137823,34.576299419274626,0.5533496591733559,0.9838063138621174,3,0.5624579262975833,0.00910826712422741,0.9838063138621174,0.5562134832400984,-0.0028638240667425707
B0039,10,3.489255495292501,34.78274902606207,0.5563701218527146,0.9891764269641606,2,0.5624579262975833,0.006087804444868672,0.9891764269641606,0.5533496591733559,0.0030204626793587375
B0039,11,3.5142206709205963,34.58328081652293,0.5484378071901438,0.9750734793627536,1,0.5624579262975833,0.0140201191074395,0.9750734793627537,0.5563701218527146,-0.007932314662570827
B0039,12,3.513397905945154,34.54167952311442,0.540225552545382,0.9604728234544628,0,0.5624579262975833,0.02223237375220133,0.9604728234544628,0.5484378071901438,-0.00821225464476183
B0040,47,3.523477335248855,50.352464297284186,0.5641484272146218,0.8304989263438606,0,0.6792885689788853,0.11514014176426357,0.8304989263438606,0.6792885689788853,-0.11514014176426357
B0041,44,3.3522167860017524,8.876554053875283,1.2636893503737965,0.949349158346502,23,1.3311112558152849,0.0674219054414884,0.9493491583465024,1.3311112558152849,-0.0674219054414884
B0041,45,3.352716470649835,8.768986692982427,1.228991665965502,0.923282453360943,22,1.3311112558152849,0.10211958984978287,0.923282453360943,1.2636893503737965,-0.03469768440829446
B0041,46,3.3561513354302805,8.881992790151843,1.1905036610034223,0.8943682624592169,21,1.3311112558152849,0.14060759481186258,0.8943682624592167,1.228991665965502,-0.038488004962079714
B0041,47,3.3721470256339683,8.692530452371782,1.1529478117172955,0.8661543553781558,20,1.3311112558152849,0.17816344409798934,0.8661543553781558,1.1905036610034223,-0.03755584928612676
B0041,48,3.363408792031103,8.775576869282412,1.1309014752028497,0.8495920008656153,19,1.3311112558152849,0.20020978061243522,0.8495920008656153,1.1529478117172955,-0.022046336514445874
B0041,49,3.363037251416932,8.618457015636581,1.1041168352212078,0.8294699863723664,18,1.3311112558152849,0.22699442059407704,0.8294699863723664,1.1309014752028497,-0.026784639981641822
B0041,50,3.3698027663544954,8.673602734778173,1.0887173781743122,0.8179011133877685,17,1.3311112558152849,0.24239387764097264,0.8179011133877685,1.1041168352212078,-0.015399457046895604
B0041,51,3.356454251862981,8.766842645319908,1.0809284022632577,0.812049629616576,16,1.3311112558152849,0.2501828535520272,0.8120496296165762,1.0887173781743122,-0.007788975911054541
B0041,52,3.3614319718359678,8.855698872139406,1.0574067628326085,0.794378950830044,15,1.3311112558152849,0.2737044929826764,0.7943789508300442,1.0809284022632577,-0.02352163943064922
B0041,53,3.366127472620781,8.802245812283145,1.0455254762378825,0.7854531104520744,14,1.3311112558152849,0.2855857795774024,0.7854531104520744,1.0574067628326085,-0.011881286594725982
B0041,54,3.3527663669392047,8.746671424055698,1.0339200224575982,0.7767344900290384,13,1.3311112558152849,0.2971912333576867,0.7767344900290384,1.0455254762378825,-0.011605453780284325
B0041,55,3.373028234513052,8.940052540030957,1.026244902088013,0.7709685404616715,12,1.3311112558152849,0.304866353727272,0.7709685404616715,1.0339200224575982,-0.0076751203695852865
B0041,56,3.3716407067750547,9.07336778870252,1.0150086743401336,0.7625273018358308,11,1.3311112558152849,0.31610258147515125,0.7625273018358308,1.026244902088013,-0.011236227747879246
B0041,57,3.370202367788385,8.565644505177339,1.0057287676413351,0.7555557533208163,10,1.3311112558152849,0.32538248817394977,0.7555557533208161,1.0150086743401336,-0.009279906698798523
B0041,58,3.356486171925363,8.776722955329818,1.010601697559527,0.7592165516927802,9,1.3311112558152849,0.320509558255758,0.7592165516927802,1.0057287676413351,0.004872929918191771
B0041,59,3.368421875607684,8.574644868980302,0.9860953503127046,0.7408061091848679,8,1.3311112558152849,0.3450159055025803,0.7408061091848679,1.010601697559527,-0.024506347246822324
B0041,60,3.3578663152786805,8.76701954022991,1.0027318762510944,0.7533043326547012,7,1.3311112558152849,0.3283793795641905,0.7533043326547012,0.9860953503127046,0.016636525938389823
B0041,61,3.348775652050977,8.792028344951232,0.9954208369714388,0.7478118997361788,6,1.3311112558152849,0.3356904188438461,0.7478118997361788,1.0027318762510944,-0.007311039279655596
B0041,62,3.366611013866803,8.791995352456167,0.9765643046421806,0.7336458920137747,5,1.3311112558152849,0.3545469511731043,0.7336458920137747,0.9954208369714388,-0.018856532329258213
B0041,63,3.3465729954779326,8.920461850162866,0.9870321618827712,0.7415098907553218,4,1.3311112558152849,0.3440790939325137,0.7415098907553219,0.9765643046421806,0.010467857240590628
B0041,64,3.343132910694472,8.879362872873289,0.9708628877085974,0.7293626911102626,3,1.3311112558152849,0.3602483681066875,0.7293626911102626,0.9870321618827712,-0.016169274174173798
B0041,65,3.35734746723392,8.828059276857427,0.9705755898978954,0.7291468580538994,2,1.3311112558152849,0.3605356659173895,0.7291468580538994,0.9708628877085974,-0.0002872978107020252
B0041,66,3.348490064240638,8.84647846072047,0.9682187567179816,0.727376282401701,1,1.3311112558152849,0.36289249909730326,0.727376282401701,0.9705755898978954,-0.002356833179913753
B0041,67,3.3487497310576533,8.797221744552004,0.9637083363345114,0.72398782004458,0,1.3311112558152849,0.3674029194807735,0.72398782004458,0.9682187567179816,-0.0045104203834702705
B0042,2,3.4852386922159138,29.95773352180402,1.7561011627183618,0.9926199423222714,110,1.7691576482030955,0.013056485484733704,0.9926199423222714,1.7691576482030955,-0.013056485484733704
B0042,3,3.4883831607305917,29.66167870907235,1.752991557768666,0.9908622668811627,109,1.7691576482030955,0.016166090434429403,0.9908622668811629,1.7561011627183618,-0.003109604949695699
B0042,4,3.4946031502677606,29.58111945436258,1.745316985739044,0.9865242860135918,108,1.7691576482030955,0.023840662464051476,0.9865242860135918,1.752991557768666,-0.007674572029622073
B0042,5,3.5041466859903747,29.852452033753185,1.741729885974948,0.9844967110443744,107,1.7691576482030955,0.02742776222814758,0.9844967110443744,1.745316985739044,-0.003587099764096102
B0042,6,3.5813916541827884,29.44940696187815,1.4741339557856956,0.8332405861529352,106,1.7691576482030955,0.2950236924173999,0.8332405861529352,1.741729885974948,-0.2675959301892523
B0042,7,3.511927235956774,30.133153080135425,1.7340009156493723,0.980127982043075,105,1.7691576482030955,0.0351567325537232,0.9801279820430749,1.4741339557856956,0.2598669598636767
B0042,8,3.509889497883845,29.740453708978052,1.7293597991532847,0.9775046338633344,104,1.7691576482030955,0.03979784904981076,0.9775046338633344,1.7340009156493723,-0.004641116496087561
B0042,9,3.508503301766948,29.503354124651093,1.7217690575402256,0.9732140373634868,103,1.7691576482030955,0.047388590662869934,0.9732140373634867,1.7293597991532847,-0.007590741613059171
B0042,10,3.5093738486555157,29.324509292718897,1.7152121713579105,0.9695078180850776,102,1.7691576482030955,0.053945476845185025,0.9695078180850776,1.7217690575402256,-0.0065568861823150915
B0042,11,3.5046118772654107,29.22569193760115,1.7136405297323858,0.9686194621903268,101,1.7691576482030955,0.055517118470709725,0.9686194621903268,1.7152121713579105,-0.0015716416255247
B0042,12,3.507290173092616,29.26180920823788,1.7065252452549449,0.9645976134395002,100,1.7691576482030955,0.06263240294815065,0.9645976134395002,1.7136405297323858,-0.00711528447744092
B0042,13,3.505007993364288,29.20609205353922,1.7046704921102482,0.9635492313766691,99,1.7691576482030955,0.06448715609284728,0.9635492313766691,1.7065252452549449,-0.0018547531446966303
B0042,14,3.508074728787427,29.18392032247409,1.6946245339980988,0.9578708464558268,98,1.7691576482030955,0.07453311420499675,0.9578708464558267,1.7046704921102482,-0.010045958112149478
B0042,15,3.505745200469688,29.15371412789473,1.6930315074517066,0.9569704029323168,97,1.7691576482030955,0.0761261407513889,0.9569704029323169,1.6946245339980988,-0.0015930265463921511
B0042,16,3.5048985290607786,29.10632507144163,1.6968857867091311,0.9591489986393412,96,1.7691576482030955,0.07227186149396436,0.9591489986393413,1.6930315074517066,0.003854279257424542
B0042,17,3.5020910209596536,29.12674242401516,1.6887802627292756,0.954567426167217,95,1.7691576482030955,0.0803773854738199,0.954567426167217,1.6968857867091311,-0.008105523979855533
B0042,18,3.5056874475759354,29.11535255703125,1.6817765101487063,0.9506086197896833,94,1.7691576482030955,0.08738113805438918,0.9506086197896831,1.6887802627292756,-0.007003752580569289
B0042,19,3.501789524982507,29.12272547212756,1.6802889256376607,0.9497677764015564,93,1.7691576482030955,0.08886872256543477,0.9497677764015563,1.6817765101487063,-0.001487584511045581
B0042,20,3.5001594383958743,29.163522275286137,1.6769102958195896,0.9478580371414612,92,1.7691576482030955,0.0922473523835059,0.9478580371414611,1.6802889256376607,-0.0033786298180711327
B0042,21,3.503798387367924,29.35747712988229,1.7025988232518563,0.9623782397126442,91,1.7691576482030955,0.06655882495123921,0.9623782397126441,1.6769102958195896,0.025688527432266683
B0042,22,3.512523395065813,30.058298726634376,1.6915468307785604,0.956131203172672,90,1.7691576482030955,0.07761081742453513,0.956131203172672,1.7025988232518563,-0.011051992473295913
B0042,23,3.509324438333478,30.335552136245838,1.688815297100982,0.9545872290218363,89,1.7691576482030955,0.08034235110211352,0.9545872290218365,1.6915468307785604,-0.0027315336775783905
B0042,24,3.507216525411572,30.22790176989086,1.6785707636317464,0.9487966012167672,88,1.7691576482030955,0.09058688457134911,0.9487966012167673,1.688815297100982,-0.010244533469235595
B0042,25,3.5055185795629877,30.04068826163031,1.666688951970476,0.9420805170547152,87,1.7691576482030955,0.10246869623261956,0.9420805170547151,1.6785707636317464,-0.011881811661270447
B0042,26,3.5041328171645443,29.995148407588697,1.6610682522838407,0.9389034685354132,86,1.7691576482030955,0.10808939591925482,0.9389034685354132,1.666688951970476,-0.005620699686635255
B0042,27,3.500597395262485,30.299545316589416,1.6691896179280832,0.9434939953618332,85,1.7691576482030955,0.09996803027501233,0.9434939953618332,1.6610682522838407,0.008121365644242484
B0042,28,3.504252997343204,30.68092451180232,1.6652750261526243,0.9412813085617424,84,1.7691576482030955,0.10388262205047116,0.9412813085617423,1.6691896179280832,-0.003914591775458831
B0042,29,3.501278659398817,30.66343528779561,1.65814570224139,0.9372515241507964,83,1.7691576482030955,0.1110119459617056,0.9372515241507965,1.6652750261526243,-0.007129323911234442
B0042,30,3.501431066556208,30.40848004603748,1.6459990543730576,0.9303857437718296,82,1.7691576482030955,0.12315859383003791,0.9303857437718295,1.65814570224139,-0.012146647868332305
B0042,31,3.4934993616796306,30.239404481904074,1.6471651725516276,0.93104488128835,81,1.7691576482030955,0.12199247565146787,0.9310448812883501,1.6459990543730576,0.0011661181785700414
B0042,32,3.491928488990642,30.138707501965232,1.6479944055674398,0.931513597582036,80,1.7691576482030955,0.1211632426356557,0.9315135975820361,1.6471651725516276,0.0008292330158121697
B0042,33,3.495727452779826,30.49092272629849,1.643328673862409,0.9288763358830748,79,1.7691576482030955,0.1258289743406864,0.9288763358830747,1.6479944055674398,-0.004665731705030707
B0042,34,3.491932625000706,30.52916769412123,1.636100608719813,0.9247907389042316,78,1.7691576482030955,0.1330570394832824,0.9247907389042315,1.643328673862409,-0.007228065142595996
B0042,35,3.4900059195673445,30.17961904981464,1.623943764973254,0.9179191953993852,77,1.7691576482030955,0.14521388322984152,0.9179191953993852,1.636100608719813,-0.01215684374655912
B0042,36,3.487760577211602,29.93310245467766,1.6166949908823014,0.9138218928789936,76,1.7691576482030955,0.15246265732079411,0.9138218928789936,1.623943764973254,-0.007248774090952592
B0042,37,3.4820338003810947,29.85511285240877,1.624031431798446,0.917968748261608,75,1.7691576482030955,0.14512621640464962,0.917968748261608,1.6166949908823014,0.007336440916144493
B0042,38,3.4857768989088598,30.25738766927605,1.617552087041179,0.9143063585566272,74,1.7691576482030955,0.15160556116191648,0.9143063585566273,1.624031431798446,-0.006479344757266858
B0042,39,3.484962036012865,30.562785800580222,1.617407456470194,0.9142246074638788,73,1.7691576482030955,0.1517501917329016,0.9142246074638788,1.617552087041179,-0.000144630570985127
B0042,40,3.4839596946536755,30.59004134732037,1.609350504795842,0.909670490038258,72,1.7691576482030955,0.15980714340725344,0.9096704900382581,1.617407456470194,-0.008056951674351831
B0042,41,3.476805816059044,30.219230709217666,1.595108312697596,0.9016202226623056,71,1.7691576482030955,0.1740493355054995,0.9016202226623057,1.609350504795842,-0.014242192098246065
B0042,42,2.7052764231784736,24.18340292381302,1.1698803295082243,0.6612640375471642,70,1.7691576482030955,0.5992773186948712,0.6612640375471641,1.595108312697596,-0.4252279831893717
B0042,43,2.679525148874618,23.826987359225917,1.1220132805288725,0.6342076307719003,69,1.7691576482030955,0.647144367674223,0.6342076307719005,1.1698803295082243,-0.04786704897935179
B0042,44,2.6791157950874176,23.77974968565753,1.098509507337143,0.6209223403312198,68,1.7691576482030955,0.6706481408659526,0.6209223403312198,1.1220132805288725,-0.023503773191729582
B0042,45,2.6529379558679107,23.95780029677243,1.08831442689213,0.6151596653907656,67,1.7691576482030955,0.6808432213109654,0.6151596653907656,1.098509507337143,-0.010195080445012827
B0042,46,2.691575483192303,24.093822128089528,1.1794369088801877,0.6666658056607461,66,1.7691576482030955,0.5897207393229078,0.6666658056607462,1.08831442689213,0.09112248198805761
B0042,47,2.673911300416998,23.99346261249294,1.1840746956331814,0.6692872717339954,65,1.7691576482030955,0.5850829525699142,0.6692872717339954,1.1794369088801877,0.0046377867529936445
B0042,48,2.674532494466212,24.134267829139272,1.1628790127313824,0.6573066079851615,64,1.7691576482030955,0.6062786354717131,0.6573066079851615,1.1840746956331814,-0.021195682901798962
B0042,49,2.672674327169749,24.39919865958069,1.1531039058356671,0.6517813192096565,63,1.7691576482030955,0.6160537423674284,0.6517813192096565,1.1628790127313824,-0.009775106895715258
B0042,51,2.6474329497500486,24.88014162106386,1.161525641527202,0.6565416274275753,61,1.7691576482030955,0.6076320066758936,0.6565416274275753,1.1531039058356671,0.008421735691534815
B0042,52,2.650103128820241,24.484790248053308,1.151294172628607,0.6507583842502435,60,1.7691576482030955,0.6178634755744885,0.6507583842502435,1.161525641527202,-0.010231468898594942
B0042,53,2.6386351740397065,24.32438028187785,1.1427081872548113,0.6459052354183593,59,1.7691576482030955,0.6264494609482842,0.6459052354183593,1.151294172628607,-0.008585985373795735
B0042,54,2.6415162059645665,24.31173812149945,1.1204151331830985,0.6333042927638958,58,1.7691576482030955,0.648742515019997,0.6333042927638958,1.1427081872548113,-0.02229305407171278
B0042,55,2.636149095213129,24.798155128694976,1.137188552851443,0.6427853131158022,57,1.7691576482030955,0.6319690953516526,0.6427853131158022,1.1204151331830985,0.016773419668344447
B0042,56,2.602713370510507,24.687153574909026,1.137699787519834,0.6430742837843632,56,1.7691576482030955,0.6314578606832615,0.6430742837843632,1.137188552851443,0.0005112346683910918
B0042,57,2.5908407216654123,24.653211586782486,1.1318983641285532,0.6397950828622897,55,1.7691576482030955,0.6372592840745424,0.6397950828622897,1.137699787519834,-0.005801423391280869
B0042,58,2.613327939295293,24.529804368213707,1.1201149540639532,0.6331346192927666,54,1.7691576482030955,0.6490426941391423,0.6331346192927666,1.1318983641285532,-0.01178341006459993
B0042,59,2.6084761921076955,24.521420210496924,1.112095006259756,0.6286014179625499,53,1.7691576482030955,0.6570626419433394,0.6286014179625501,1.1201149540639532,-0.008019947804197125
B0042,60,2.584146864376575,24.843620405446,1.115226875441872,0.6303716780551409,52,1.7691576482030955,0.6539307727612236,0.6303716780551409,1.112095006259756,0.0031318691821158318
B0042,61,2.5909779927483028,24.561944088587065,1.1047724609500875,0.6244624169429938,51,1.7691576482030955,0.664385187253008,0.6244624169429936,1.115226875441872,-0.010454414491784414
B0042,62,2.5818616349209504,24.349376846518037,1.1076536057458373,0.626090957394816,50,1.7691576482030955,0.6615040424572582,0.626090957394816,1.1047724609500875,0.002881144795749746
B0042,63,2.5894657078700765,24.839628028264915,1.097293205495661,0.6202348369633219,49,1.7691576482030955,0.6718644427074345,0.6202348369633219,1.1076536057458373,-0.01036040025017626
B0042,67,2.598170402852255,24.99820919805521,1.175210853252035,0.6642770667982455,45,1.7691576482030955,0.5939467949510606,0.6642770667982457,1.097293205495661,0.07791764775637389
B0042,68,2.5894472814365503,25.24765084852269,1.154026647951604,0.6523028906574436,44,1.7691576482030955,0.6151310002514916,0.6523028906574436,1.175210853252035,-0.02118420530043097
B0042,69,2.5730668910828003,24.85031739846841,1.1296709145567043,0.6385360375905973,43,1.7691576482030955,0.6394867336463912,0.6385360375905972,1.154026647951604,-0.024355733394899604
B0042,71,2.570306500661592,25.750153086607327,1.152508077327825,0.6514445326556446,41,1.7691576482030955,0.6166495708752706,0.6514445326556446,1.1296709145567043,0.022837162771120578
B0042,72,2.534922102776663,25.442622480866387,1.1234941225658333,0.6350446630389032,40,1.7691576482030955,0.6456635256372623,0.6350446630389032,1.152508077327825,-0.029013954761991645
B0042,73,2.5503469834033003,25.640142682519887,1.1252685867447731,0.6360476625063289,39,1.7691576482030955,0.6438890614583224,0.6360476625063289,1.1234941225658333,0.001774464178939894
B0042,74,2.5650203867450827,25.47246500800018,1.1036628685477234,0.6238352300987398,38,1.7691576482030955,0.6654947796553721,0.6238352300987398,1.1252685867447731,-0.021605718197049706
B0042,75,2.5498903733729468,25.7066698253335,1.1070398737081188,0.6257440510361082,37,1.7691576482030955,0.6621177744949767,0.6257440510361082,1.1036628685477234,0.0033770051603954077
B0042,76,2.541309292458781,25.73079046383608,1.0962224825011626,0.6196296206924113,36,1.7691576482030955,0.6729351657019329,0.6196296206924113,1.1070398737081188,-0.01081739120695624
B0042,77,2.5322112945564674,25.61015187432273,1.08502160908234,0.6132984305747872,35,1.7691576482030955,0.6841360391207556,0.6132984305747872,1.0962224825011626,-0.011200873418822699
B0042,78,2.5336398931006547,25.871001272619925,1.1014581443850664,0.622589030154435,34,1.7691576482030955,0.6676995038180291,0.622589030154435,1.08502160908234,0.016436535302726485
B0042,79,2.5300104336765608,25.60097060283845,1.0764993929022575,0.6084813266899309,33,1.7691576482030955,0.692658255300838,0.6084813266899308,1.1014581443850664,-0.024958751482808905
B0042,88,3.377141798989892,8.324353751669639,1.4986669494541576,0.8471076339501622,24,1.7691576482030955,0.27049069874893794,0.8471076339501622,1.0764993929022575,0.4221675565519001
B0042,89,3.4250125349211604,8.088311260303593,1.5791827001658492,0.8926184174540913,23,1.7691576482030955,0.18997494803724635,0.8926184174540913,1.4986669494541576,0.08051575071169159
B0042,90,3.427812476893316,8.108636077883194,1.5763336389188605,0.8910080119315069,22,1.7691576482030955,0.19282400928423504,0.8910080119315069,1.5791827001658492,-0.0028490612469886933
B0042,91,3.4226931327068075,8.189761990987487,1.566682548112103,0.8855528221034212,21,1.7691576482030955,0.20247510009099257,0.8855528221034212,1.5763336389188605,-0.009651090806757523
B0042,92,3.427137964017458,8.133323147997125,1.5595491460499542,0.8815207325553847,20,1.7691576482030955,0.2096085021531413,0.8815207325553847,1.566682548112103,-0.0071334020621487415
B0042,93,3.4224753028837007,8.221548017024785,1.5554068795185507,0.8791793547049649,19,1.7691576482030955,0.2137507686845448,0.8791793547049649,1.5595491460499542,-0.004142266531403482
B0042,94,3.4137666152192327,8.196033184015116,1.544497615368742,0.8730129940299345,18,1.7691576482030955,0.22466003283435354,0.8730129940299345,1.5554068795185507,-0.01090926414980875
B0042,95,3.415284661394718,8.16363192494008,1.5402522024000112,0.8706133136096832,17,1.7691576482030955,0.22890544580308436,0.8706133136096832,1.544497615368742,-0.004245412968730822
B0042,96,3.411339830211172,8.182297960881899,1.5326125475736894,0.8662950693683736,16,1.7691576482030955,0.23654510062940615,0.8662950693683736,1.5402522024000112,-0.0076396548263217845
B0042,97,3.406171736681637,8.239851195999249,1.525939957267778,0.8625234494040992,15,1.7691576482030955,0.24321769093531742,0.8625234494040994,1.5326125475736894,-0.0066725903059112746
B0042,98,3.402257827480632,8.31951446931186,1.5191847258242837,0.858705117301047,14,1.7691576482030955,0.24997292237881186,0.858705117301047,1.525939957267778,-0.006755231443494436
B0042,99,3.392089192692739,8.203300249486228,1.50938905152951,0.8531682029934257,13,1.7691576482030955,0.25976859667358543,0.8531682029934257,1.5191847258242837,-0.009795674294773571
B0042,100,3.396207267678132,8.252382764570392,1.504114579600463,0.8501868565122883,12,1.7691576482030955,0.2650430686026326,0.8501868565122885,1.50938905152951,-0.005274471929047175
B0042,101,3.395827065629725,8.247452041994245,1.4932551605130029,0.8440486702977982,11,1.7691576482030955,0.2759024876900926,0.8440486702977984,1.504114579600463,-0.01085941908746002
B0042,102,3.39249312765024,8.179356055314594,1.482159417684035,0.837776904273873,10,1.7691576482030955,0.2869982305190606,0.837776904273873,1.4932551605130029,-0.01109574282896797
B0042,103,3.389283502389414,8.33800631225338,1.4764157740382078,0.8345303628185872,9,1.7691576482030955,0.2927418741648877,0.8345303628185872,1.482159417684035,-0.0057436436458271345
B0042,104,3.377876069069322,8.293330795902381,1.4715444315859625,0.83177688154619,8,1.7691576482030955,0.297613216617133,0.8317768815461901,1.4764157740382078,-0.0048713424522452975
B0042,105,3.386987302997725,8.373136255476883,1.4607736651936225,0.8256888054477826,7,1.7691576482030955,0.308383983009473,0.8256888054477827,1.4715444315859625,-0.010770766392339981
B0042,106,3.3829130588839496,8.329037453715973,1.4545258714149212,0.8221572977921212,6,1.7691576482030955,0.31463177678817433,0.8221572977921212,1.4607736651936225,-0.006247793778701327
B0042,107,3.3774651407729346,8.396128944133206,1.4467557961499289,0.8177653346039426,5,1.7691576482030955,0.3224018520531666,0.8177653346039427,1.4545258714149212,-0.007770075264992293
B0042,108,3.3780934843236405,8.43692173445999,1.436925169870609,0.8122086640102821,4,1.7691576482030955,0.3322324783324866,0.8122086640102821,1.4467557961499289,-0.009830626279319965
B0042,109,3.364163079749717,8.419794670115083,1.4365751035317451,0.8120107922495493,3,1.7691576482030955,0.3325825446713504,0.8120107922495493,1.436925169870609,-0.0003500663388638081
B0042,110,3.3705853863809336,8.409805733876953,1.4271054140756827,0.806658137857398,2,1.7691576482030955,0.3420522341274128,0.806658137857398,1.4365751035317451,-0.009469689456062413
B0042,111,3.366371835007897,8.370055044633526,1.418587832294108,0.8018436535234407,1,1.7691576482030955,0.3505698159089876,0.8018436535234406,1.4271054140756827,-0.008517581781574801
B0042,112,3.358826373959108,8.33960493327288,1.411021378568301,0.7975667855272549,0,1.7691576482030955,0.3581362696347945,0.7975667855272549,1.418587832294108,-0.007566453725806888
B0043,2,3.494914059663153,30.28410293050498,1.7090669733378654,0.9865179189180572,110,1.7324236494479983,0.023356676110132923,0.9865179189180573,1.7324236494479983,-0.023356676110132923
B0043,3,3.4909213931981213,30.061927703642525,1.7003908213885166,0.9815098183001092,109,1.7324236494479983,0.03203282805948171,0.9815098183001091,1.7090669733378654,-0.008676151949348787
B0043,4,3.496865688721248,30.00810106845175,1.692282583865256,0.9768295326633688,108,1.7324236494479983,0.04014106558274233,0.9768295326633688,1.7003908213885166,-0.00810823752326062
B0043,5,3.5013761168342854,30.400638593723247,1.6885480251547649,0.97467384821997,107,1.7324236494479983,0.04387562429323344,0.97467384821997,1.692282583865256,-0.0037345587104911093
B0043,6,3.579339612317741,29.92385834200675,1.4567049116363375,0.840847971626621,106,1.7324236494479983,0.2757187378116608,0.840847971626621,1.6885480251547649,-0.23184311351842735
B0043,7,3.5083753465945167,30.599878339678703,1.675049862617977,0.9668823576448508,105,1.7324236494479983,0.057373786830021256,0.9668823576448508,1.4567049116363375,0.21834495098163953
B0043,8,3.503252615447096,30.281715200447287,1.6700588846860458,0.964001435340701,104,1.7324236494479983,0.06236476476195252,0.964001435340701,1.675049862617977,-0.004990977931931262
B0043,9,3.505146635224542,29.93668403786701,1.6563752412014456,0.95610288033716,103,1.7324236494479983,0.07604840824655268,0.9561028803371601,1.6700588846860458,-0.013683643484600161
B0043,10,3.5024428414174498,29.74762436888935,1.649585191279602,0.952183486877017,102,1.7324236494479983,0.0828384581683963,0.952183486877017,1.6563752412014456,-0.006790049921843622
B0043,11,3.498452746081892,29.72392733817065,1.6476078237949734,0.9510420989230608,101,1.7324236494479983,0.08481582565302492,0.9510420989230609,1.649585191279602,-0.0019773674846286227
B0043,12,3.502697220454202,29.72725186422592,1.6402814687017244,0.9468131361658372,100,1.7324236494479983,0.0921421807462739,0.9468131361658373,1.6476078237949734,-0.007326355093248971
B0043,13,3.497927182483175,29.668440573075515,1.632483038051872,0.9423116791161502,99,1.7324236494479983,0.09994061139612631,0.9423116791161502,1.6402814687017244,-0.007798430649852417
B0043,14,3.4994001835020927,29.66820690805909,1.63336130021742,0.9428186348863672,98,1.7324236494479983,0.09906234923057822,0.9428186348863672,1.632483038051872,0.0008782621655480938
B0043,15,3.5004947608560317,29.637650852441404,1.620412612323116,0.9353443153696428,97,1.7324236494479983,0.11201103712488236,0.9353443153696428,1.63336130021742,-0.012948687894304145
B0043,16,3.496170045175857,29.59359706740164,1.618076082835339,0.9339956097637588,96,1.7324236494479983,0.11434756661265921,0.9339956097637586,1.620412612323116,-0.0023365294877768505
B0043,17,3.5000097165686204,29.618629940275248,1.609928621923291,0.9292926833666012,95,1.7324236494479983,0.12249502752470742,0.9292926833666014,1.618076082835339,-0.00814746091204821
B0043,18,3.498396835387318,29.691659096370064,1.602710896262857,0.925126424344027,94,1.7324236494479983,0.12971275318514142,0.925126424344027,1.609928621923291,-0.0072177256604339934
B0043,19,3.498396344794699,29.614174232522004,1.594960446307248,0.92065266299929,93,1.7324236494479983,0.13746320314075033,0.9206526629992899,1.602710896262857,-0.007750449955608918
B0043,20,3.497835632523832,29.64927159811607,1.5908040003420507,0.918253454256947,92,1.7324236494479983,0.1416196491059476,0.918253454256947,1.594960446307248,-0.004156445965197264
B0043,21,3.4931433851686124,29.993152820136338,1.6100211362461234,0.9293460850405292,91,1.7324236494479983,0.1224025132018749,0.9293460850405292,1.5908040003420507,0.019217135904072702
B0043,22,3.500270597096414,30.681276254794994,1.6048747231232574,0.9263754415004772,90,1.7324236494479983,0.1275489263247409,0.9263754415004772,1.6100211362461234,-0.0051464131228660115
B0043,23,3.5026578112869,30.871236598447616,1.595967941406382,0.9212342153808076,89,1.7324236494479983,0.13645570804161622,0.9212342153808076,1.6048747231232574,-0.008906781716875312
B0043,24,3.500153821121635,30.78499940688354,1.5856465867025775,0.9152764609325276,88,1.7324236494479983,0.1467770627454208,0.9152764609325275,1.595967941406382,-0.010321354703804575
B0043,25,3.4967579517606566,30.581480715523952,1.5796724197763834,0.9118280163629224,87,1.7324236494479983,0.15275122967161492,0.9118280163629225,1.5856465867025775,-0.005974166926194124
B0043,26,3.4946157991055085,30.52306720093793,1.5737032991007318,0.9083824846204104,86,1.7324236494479983,0.1587203503472665,0.9083824846204105,1.5796724197763834,-0.005969120675651585
B0043,27,3.499373375396435,30.87844076235832,1.5692296495272495,0.9058001777032154,85,1.7324236494479983,0.1631939999207488,0.9058001777032152,1.5737032991007318,-0.004473649573482286
B0043,28,3.499824440494276,31.22588451407772,1.5650505084038722,0.9033878687251492,84,1.7324236494479983,0.16737314104412615,0.9033878687251492,1.5692296495272495,-0.004179141123377361
B0043,29,3.500949671683024,31.11567513298765,1.5580305279189206,0.8993357533622653,83,1.7324236494479983,0.1743931215290777,0.8993357533622653,1.5650505084038722,-0.00701998048495156
B0043,30,3.496873891743175,31.13064506703593,1.558186445170886,0.8994257528563354,82,1.7324236494479983,0.1742372042771123,0.8994257528563354,1.5580305279189206,0.0001559172519653984
B0043,31,3.4895372240361704,30.83723273528384,1.5466429299130078,0.892762535541358,81,1.7324236494479983,0.18578071953499053,0.892762535541358,1.558186445170886,-0.011543515257878223
B0043,32,3.487814025984116,30.616558368520007,1.5405967928546582,0.8892725479391477,80,1.7324236494479983,0.1918268565933401,0.8892725479391477,1.5466429299130078,-0.006046137058349554
B0043,33,3.492549447561071,30.99210258841141,1.5355621820382013,0.8863664395989267,79,1.7324236494479983,0.19686146740979704,0.8863664395989267,1.5405967928546582,-0.0050346108164569525
B0043,34,3.4849151237275477,30.96831476535914,1.5282762646987256,0.8821608185651817,78,1.7324236494479983,0.20414738474927274,0.8821608185651817,1.5355621820382013,-0.0072859173394757
B0043,35,3.484285707517909,30.585360437692223,1.515874743569351,0.8750023379398877,77,1.7324236494479983,0.2165489058786474,0.8750023379398877,1.5282762646987256,-0.012401521129374649
B0043,36,3.4822242187917927,30.33807658157253,1.508422558625396,0.8707007429193341,76,1.7324236494479983,0.22400109082260222,0.8707007429193341,1.515874743569351,-0.0074521849439548316
B0043,37,3.4754685988094445,30.407255028019865,1.5087149671238484,0.8708695287117385,75,1.7324236494479983,0.22370868232414987,0.8708695287117385,1.508422558625396,0.0002924084984523567
B0043,38,3.4772044059441005,30.831835959630617,1.508508470774298,0.8707503336467114,74,1.7324236494479983,0.22391517867370037,0.8707503336467114,1.5087149671238484,-0.0002064963495505001
B0043,39,3.482446809045098,31.07076350691116,1.5014577365839252,0.8666804664449913,73,1.7324236494479983,0.2309659128640731,0.8666804664449913,1.508508470774298,-0.0070507341903727205
B0043,40,3.4803385610467843,31.038470618761803,1.4934171243189,0.8620392158665966,72,1.7324236494479983,0.23900652512909826,0.8620392158665966,1.5014577365839252,-0.008040612265025171
B0043,41,3.4735409084410405,30.62547224836543,1.485696758488562,0.8575828198616136,71,1.7324236494479983,0.24672689095943623,0.8575828198616137,1.4934171243189,-0.007720365830337972
B0043,88,3.4693912792577155,7.784854957371514,1.547887148316355,0.8934807307724978,24,1.7324236494479983,0.18453650113164333,0.8934807307724978,1.485696758488562,0.0621903898277929
B0043,89,3.48815568824818,7.684549736519659,1.5754649891527557,0.9093993779493518,23,1.7324236494479983,0.15695866029524264,0.9093993779493519,1.547887148316355,0.02757784083640069
B0043,90,3.4883481289690543,7.720355963617298,1.5656700350033257,0.9037454755955304,22,1.7324236494479983,0.16675361444467263,0.9037454755955304,1.5754649891527557,-0.00979495414942999
B0043,91,3.4828518772266346,7.795012554263815,1.5560685500172124,0.8982032486759357,21,1.7324236494479983,0.17635509943078587,0.8982032486759357,1.5656700350033257,-0.00960148498611324
B0043,92,3.4797712380230035,7.802002705131443,1.5382105602271745,0.887895152387982,20,1.7324236494479983,0.1942130892208238,0.8878951523879821,1.5560685500172124,-0.017857989790037943
B0043,93,3.4723642645257145,7.8854226977198625,1.530493523048828,0.8834406777675246,19,1.7324236494479983,0.2019301263991704,0.8834406777675246,1.5382105602271745,-0.007717037178346597
B0043,94,3.4639670595319063,7.8740912725417855,1.512739258136952,0.873192454177681,18,1.7324236494479983,0.21968439131104622,0.873192454177681,1.530493523048828,-0.017754264911875817
B0043,95,3.4621709600387423,7.840911830800531,1.5047754634653088,0.8685955447126198,17,1.7324236494479983,0.22764818598268954,0.8685955447126198,1.512739258136952,-0.00796379467164332
B0043,96,3.456977710322033,7.866129688953066,1.4934277456023284,0.8620453467477074,16,1.7324236494479983,0.23899590384566993,0.8620453467477074,1.5047754634653088,-0.011347717862980389
B0043,97,3.4474877868022893,7.943762607599423,1.4833762223919114,0.8562433460571606,15,1.7324236494479983,0.24904742705608696,0.8562433460571606,1.4934277456023284,-0.010051523210417024
B0043,98,3.4458349590659245,8.025098087053275,1.4693247848174469,0.8481324907366725,14,1.7324236494479983,0.26309886463055143,0.8481324907366725,1.4833762223919114,-0.014051437574464476
B0043,99,3.4358831885309766,7.909281139740462,1.4596051303721138,0.8425220533310009,13,1.7324236494479983,0.2728185190758845,0.8425220533310009,1.4693247848174469,-0.00971965444533307
B0043,100,3.4393737351491587,7.9764627392531535,1.4468418277748027,0.8351547430305569,12,1.7324236494479983,0.28558182167319557,0.8351547430305569,1.4596051303721138,-0.012763302597311066
B0043,101,3.4375955200522923,7.968154991366689,1.432006467075788,0.8265913868885753,11,1.7324236494479983,0.3004171823722104,0.8265913868885753,1.4468418277748027,-0.01483536069901481
B0043,102,3.432715938014848,7.919276364601211,1.417122414360712,0.8179999244481853,10,1.7324236494479983,0.31530123508728636,0.8179999244481853,1.432006467075788,-0.01488405271507598
B0043,103,3.431279378146064,8.087848756281263,1.407833852027228,0.812638324624468,9,1.7324236494479983,0.3245897974207703,0.812638324624468,1.417122414360712,-0.009288562333483963
B0043,104,3.424769647893099,8.015101283819881,1.3962891192494955,0.8059744045253565,8,1.7324236494479983,0.3361345301985028,0.8059744045253565,1.407833852027228,-0.011544732777732492
B0043,105,3.425776013992083,8.12948679263687,1.3890009343420138,0.8017674745923671,7,1.7324236494479983,0.34342271510598454,0.8017674745923671,1.3962891192494955,-0.007288184907481732
B0043,106,3.4199159770745933,8.089656475775936,1.378588014885768,0.7957568665868923,6,1.7324236494479983,0.3538356345622302,0.7957568665868925,1.3890009343420138,-0.010412919456245673
B0043,107,3.4199003203717933,8.137705171692497,1.3594895653631736,0.7847327446703625,5,1.7324236494479983,0.37293408408482476,0.7847327446703625,1.378588014885768,-0.01909844952259454
B0043,108,3.410289311098501,8.240062513199158,1.357097761635553,0.783352133335264,4,1.7324236494479983,0.37532588781244525,0.783352133335264,1.3594895653631736,-0.0023918037276204895
B0043,109,3.407415912417592,8.194995442120238,1.3457961139502,0.776828528275408,3,1.7324236494479983,0.3866275354977984,0.776828528275408,1.357097761635553,-0.011301647685353133
B0043,110,3.412871239691597,8.189312466474624,1.3318988978453783,0.7688066935993174,2,1.7324236494479983,0.40052475160262,0.7688066935993173,1.3457961139502,-0.013897216104821641
B0043,111,3.408624211537015,8.139466322876048,1.3198437998667347,0.761848177428931,1,1.7324236494479983,0.4125798495812636,0.761848177428931,1.3318988978453783,-0.01205509797864357
B0043,112,3.4055495730500795,8.109892880811318,1.3084175881202431,0.7552526707524132,0,1.7324236494479983,0.4240060613277552,0.7552526707524132,1.3198437998667347,-0.01142621174649161
B0044,2,3.454189461889892,31.40420604834528,1.6654158109199306,0.9857559743079573,110,1.6894808191135984,0.024065008193667747,0.9857559743079571,1.6894808191135984,-0.024065008193667747
B0044,3,3.4537938897979794,31.10999378094122,1.6563982994448128,0.9804185289974806,109,1.6894808191135984,0.033082519668785615,0.9804185289974806,1.6654158109199306,-0.009017511475117868
B0044,4,3.4567747424046718,31.078208354392014,1.6482832746845435,0.975615263598749,108,1.6894808191135984,0.04119754442905488,0.975615263598749,1.6563982994448128,-0.008115024760269263
B0044,5,3.4654946730037874,31.444093336813363,1.6386824913745708,0.9699325809655068,107,1.6894808191135984,0.05079832773902759,0.9699325809655067,1.6482832746845435,-0.009600783309972716
B0044,6,3.526841343827769,30.9572734254796,1.460314572983549,0.8643570003651869,106,1.6894808191135984,0.22916624613004943,0.8643570003651869,1.6386824913745708,-0.17836791839102184
B0044,7,3.470370326641897,31.575501024863996,1.6297738083603543,0.964659550982905,105,1.6894808191135984,0.05970701075324403,0.964659550982905,1.460314572983549,0.1694592353768054
B0044,8,3.4667392243833275,31.247301738535825,1.6189799140925434,0.9582706685844212,104,1.6894808191135984,0.070500905021055,0.9582706685844211,1.6297738083603543,-0.010793894267810966
B0044,9,3.465579370446253,31.02566004571892,1.6106077638277787,0.9533152111622072,103,1.6894808191135984,0.07887305528581967,0.9533152111622071,1.6189799140925434,-0.008372150264764677
B0044,10,3.4617133943463982,30.841076475067474,1.6033918854091846,0.949044148515648,102,1.6894808191135984,0.08608893370441373,0.9490441485156481,1.6106077638277787,-0.007215878418594057
B0044,11,3.4618790737027214,30.772306222074597,1.600933045650104,0.9475887666425524,101,1.6894808191135984,0.0885477734634943,0.9475887666425525,1.6033918854091846,-0.0024588397590805666
B0044,12,3.457591647387709,30.80874103877628,1.5871381017394843,0.9394235695272296,100,1.6894808191135984,0.10234271737411405,0.9394235695272296,1.600933045650104,-0.01379494391061975
B0044,13,3.461213083472149,30.69535135108918,1.584742866979051,0.9380058353136564,99,1.6894808191135984,0.10473795213454729,0.9380058353136563,1.5871381017394843,-0.0023952347604332402
B0044,14,3.463445249839102,30.66719324119338,1.5745957626437956,0.9319997864609804,98,1.6894808191135984,0.11488505646980274,0.9319997864609803,1.584742866979051,-0.010147104335255452
B0044,15,3.46339396559878,30.611376981870432,1.5663789990239758,0.9271363020539002,97,1.6894808191135984,0.12310182008962256,0.9271363020539002,1.5745957626437956,-0.008216763619819822
B0044,16,3.4598130749614326,30.63348513849059,1.5638425828273568,0.9256350028571744,96,1.6894808191135984,0.1256382362862416,0.9256350028571743,1.5663789990239758,-0.00253641619661904
B0044,17,3.459316117691019,30.662777105183,1.555604071313582,0.9207586459192498,95,1.6894808191135984,0.13387674780001646,0.9207586459192498,1.5638425828273568,-0.00823851151377486
B0044,18,3.459187138908685,30.635580893490605,1.547651514858636,0.9160515451549344,94,1.6894808191135984,0.14182930425496232,0.9160515451549345,1.555604071313582,-0.007952556454945858
B0044,19,3.4592983795273056,30.64518233753934,1.539753354948426,0.9113766415864204,93,1.6894808191135984,0.14972746416517246,0.9113766415864204,1.547651514858636,-0.007898159910210145
B0044,20,3.45498319294756,30.669999890918568,1.5339853528552203,0.9079625737686918,92,1.6894808191135984,0.15549546625837807,0.9079625737686917,1.539753354948426,-0.005768002093205604
B0044,21,3.4614266672547624,31.24429978990362,1.5484667591178467,0.9165340864480864,91,1.6894808191135984,0.14101405999575167,0.9165340864480864,1.5339853528552203,0.014481406262626395
B0044,22,3.4672647959889558,31.978173950044287,1.542925296324536,0.913254106746264,90,1.6894808191135984,0.14655552278906248,0.9132541067462641,1.5484667591178467,-0.005541462793310803
B0044,23,3.4679545600448902,32.19451636007454,1.5337892108327025,0.9078464777347512,89,1.6894808191135984,0.1556916082808959,0.9078464777347511,1.542925296324536,-0.009136085491833423
B0044,24,3.4663402805598933,32.085626652223844,1.5232816143068788,0.9016270543432878,88,1.6894808191135984,0.16619920480671957,0.9016270543432878,1.5337892108327025,-0.01050759652582367
B0044,25,3.460557920673155,31.90081721553236,1.516968293949282,0.897890213838103,87,1.6894808191135984,0.17251252516431648,0.8978902138381027,1.5232816143068788,-0.006313320357596908
B0044,26,3.4614023781649657,31.792485902423778,1.5045802650069775,0.8905577666139883,86,1.6894808191135984,0.18490055410662087,0.8905577666139882,1.516968293949282,-0.012388028942304397
B0044,27,3.4628465051275783,32.15237988114349,1.5057326330162537,0.8912398507171274,85,1.6894808191135984,0.18374818609734467,0.8912398507171275,1.5045802650069775,0.0011523680092762056
B0044,28,3.4627369551430567,32.60884115376109,1.5014602552448364,0.8887110396628186,84,1.6894808191135984,0.18802056386876198,0.8887110396628186,1.5057326330162537,-0.004272377771417313
B0044,29,3.460761580176116,32.484543761990146,1.4940434293945306,0.884321036671132,83,1.6894808191135984,0.19543738971906777,0.884321036671132,1.5014602552448364,-0.007416825850305786
B0044,30,3.456551723819073,32.302203732411726,1.4878019983499868,0.8806267472930387,82,1.6894808191135984,0.20167882076361154,0.8806267472930387,1.4940434293945306,-0.006241431044543777
B0044,31,3.45421783990296,32.1256790537608,1.481167442327353,0.8766997681006294,81,1.6894808191135984,0.20831337678624529,0.8766997681006294,1.4878019983499868,-0.006634556022633742
B0044,32,3.455196572590634,31.69686854957335,1.4697988971055245,0.8699707510598835,80,1.6894808191135984,0.2196819220080739,0.8699707510598835,1.481167442327353,-0.011368545221828619
B0044,33,3.4521744029607286,32.114435850800774,1.475771864323073,0.873506137286217,79,1.6894808191135984,0.21370895479052532,0.873506137286217,1.4697988971055245,0.005972967217548586
B0044,34,3.4504432734657047,32.05584649356525,1.4680287682854174,0.8689230156845652,78,1.6894808191135984,0.22145205082818098,0.8689230156845652,1.475771864323073,-0.007743096037655661
B0044,35,3.4516743639022187,31.6712946530662,1.4502822718691055,0.8584189032877032,77,1.6894808191135984,0.23919854724449285,0.8584189032877032,1.4680287682854174,-0.017746496416311874
B0044,36,3.4486746278617733,31.42146322878969,1.4425562161038057,0.8538458677859722,76,1.6894808191135984,0.2469246030097927,0.8538458677859723,1.4502822718691055,-0.007726055765299833
B0044,37,3.442501481038221,31.518374513180166,1.4424832305017377,0.8538026677678114,75,1.6894808191135984,0.24699758861186072,0.8538026677678114,1.4425562161038057,-7.298560206803195e-05
B0044,38,3.44594373648407,31.85014480880122,1.442134734337226,0.853596393650598,74,1.6894808191135984,0.24734608477637243,0.853596393650598,1.4424832305017377,-0.0003484961645117135
B0044,39,3.449449539321705,32.118386822718534,1.4348544710536126,0.8492872217433177,73,1.6894808191135984,0.25462634805998574,0.8492872217433177,1.442134734337226,-0.0072802632836133085
B0044,40,3.4465015927385467,32.1502884078299,1.426471758720225,0.844325512655797,72,1.6894808191135984,0.26300906039337346,0.844325512655797,1.4348544710536126,-0.00838271233338772
B0044,41,3.4434359927399374,31.712764585948342,1.4185356061149856,0.8396281212942289,71,1.6894808191135984,0.27094521299861274,0.8396281212942289,1.426471758720225,-0.007936152605239277
B0044,88,3.438960641122404,7.826781492381478,1.47995697280277,0.8759832938377146,24,1.6894808191135984,0.20952384631082843,0.8759832938377146,1.4185356061149856,0.06142136668778431
B0044,89,3.458354923813863,7.725494235356403,1.4961753748478466,0.8855829305199385,23,1.6894808191135984,0.1933054442657518,0.8855829305199385,1.47995697280277,0.01621840204507663
B0044,90,3.4567488894685336,7.773134260359348,1.4900599955616392,0.8819632509017846,22,1.6894808191135984,0.19942082355195923,0.8819632509017846,1.4961753748478466,-0.006115379286207423
B0044,91,3.453365325098602,7.849823078169805,1.4768996476129492,0.8741736697477384,21,1.6894808191135984,0.21258117150064915,0.8741736697477384,1.4900599955616392,-0.013160347948689921
B0044,92,3.453648248165336,7.860610861842971,1.4624736568250247,0.8656349573665625,20,1.6894808191135984,0.22700716228857365,0.8656349573665625,1.4768996476129492,-0.014425990787924503
B0044,93,3.446467300902204,7.921531088843148,1.454455930704369,0.8608892828197142,19,1.6894808191135984,0.23502488840922942,0.8608892828197142,1.4624736568250247,-0.008017726120655766
B0044,94,3.4365346161149133,7.898405712732291,1.445771391171938,0.8557489228735223,18,1.6894808191135984,0.24370942794166028,0.8557489228735223,1.454455930704369,-0.008684539532430868
B0044,95,3.438562807717868,7.820854724974503,1.4321048286972184,0.8476597144491912,17,1.6894808191135984,0.25737599041637993,0.8476597144491912,1.445771391171938,-0.013666562474719646
B0044,96,3.436932789418829,7.831439143188488,1.416082127898759,0.8381759129066167,16,1.6894808191135984,0.2733986912148394,0.8381759129066167,1.4321048286972184,-0.016022700798459466
B0044,97,3.4345648399703146,7.874273117361084,1.3994274131595223,0.8283180236954361,15,1.6894808191135984,0.290053405954076,0.8283180236954361,1.416082127898759,-0.01665471473923663
B0044,98,3.4312212838481524,7.963690110555136,1.3886527487023663,0.8219405233798012,14,1.6894808191135984,0.30082807041123205,0.8219405233798012,1.3994274131595223,-0.010774664457156025
B0044,99,3.423886138206579,7.821211389233004,1.374590714510138,0.8136172361112273,13,1.6894808191135984,0.31489010460346045,0.813617236111227,1.3886527487023663,-0.014062034192228401
B0044,100,3.431581586401097,7.870838193575398,1.362039815963232,0.8061883867245315,12,1.6894808191135984,0.3274410031503663,0.8061883867245316,1.374590714510138,-0.012550898546905831
B0044,101,3.429422518537179,7.871557445769676,1.3508925661315003,0.7995903539409571,11,1.6894808191135984,0.33858825298209805,0.7995903539409571,1.362039815963232,-0.011147249831731765
B0044,102,3.428914721647101,7.788604199399607,1.335579843805092,0.7905267871024522,10,1.6894808191135984,0.3539009753085063,0.7905267871024522,1.3508925661315003,-0.015312722326408235
B0044,103,3.4150734334967874,8.02670412191234,1.3409132719397996,0.7936836315450577,9,1.6894808191135984,0.3485675471737988,0.7936836315450577,1.335579843805092,0.005333428134707496
B0044,104,3.420207221075952,7.880210919292787,1.317562220900482,0.7798621955304311,8,1.6894808191135984,0.37191859821311635,0.7798621955304311,1.3409132719397996,-0.02335105103931756
B0044,105,3.415728826160711,8.024339269685894,1.3251322905891514,0.784342903214725,7,1.6894808191135984,0.364348528524447,0.784342903214725,1.317562220900482,0.007570069688669356
B0044,106,3.4135240769786064,7.99052131130728,1.3109617852320952,0.7759554121010402,6,1.6894808191135984,0.3785190338815032,0.7759554121010402,1.3251322905891514,-0.014170505357056218
B0044,107,3.417717287871397,8.010612700200031,1.2919826952777318,0.7647217302861019,5,1.6894808191135984,0.3974981238358666,0.7647217302861019,1.3109617852320952,-0.01897908995436337
B0044,108,3.408772372776796,8.125347022129777,1.2953629254510954,0.7667224811292734,4,1.6894808191135984,0.39411789366250294,0.7667224811292734,1.2919826952777318,0.003380230173363641
B0044,109,3.409208875116865,8.01700810776148,1.2774787304741049,0.7561368652556505,3,1.6894808191135984,0.4120020886394935,0.7561368652556505,1.2953629254510954,-0.017884194976990564
B0044,110,3.4104932745398844,8.014194581191717,1.2708225476649022,0.7521970852155936,2,1.6894808191135984,0.41865827144869616,0.7521970852155936,1.2774787304741049,-0.00665618280920266
B0044,111,3.4114729664662784,7.944826767188053,1.2588116296122294,0.7450878491018776,1,1.6894808191135984,0.430669189501369,0.7450878491018776,1.2708225476649022,-0.012010918052672848
B0044,112,3.406821085620048,7.898365164265922,1.2508489621339762,0.740374763644991,0,1.6894808191135984,0.43863185697962215,0.740374763644991,1.2588116296122294,-0.007962667478253138
B0045,2,3.3261589009052197,9.50160970405856,1.0740903759179572,0.885479409725554,70,1.2130043500964764,0.13891397417851925,0.885479409725554,1.2130043500964764,-0.13891397417851925
B0045,3,3.347444081314833,9.182344431847842,1.0314016051548918,0.8502868147775885,69,1.2130043500964764,0.18160274494158468,0.8502868147775885,1.0740903759179572,-0.04268877076306543
B0045,4,3.3477018391509925,9.12569338411823,1.0010659864614575,0.825278150389022,68,1.2130043500964764,0.21193836363501894,0.8252781503890217,1.0314016051548918,-0.030335618693434263
B0045,5,3.350988890598847,9.129155713890894,0.9767009677502964,0.8051916447559436,67,1.2130043500964764,0.2363033823461801,0.8051916447559436,1.0010659864614575,-0.024365018711161146
B0045,6,3.34909358990855,9.157107194704864,0.957019968099292,0.7889666414000703,66,1.2130043500964764,0.25598438199718443,0.7889666414000702,0.9767009677502964,-0.01968099965100434
B0045,7,3.335922927444349,9.333738109493908,0.9339034392674866,0.7699093900143132,65,1.2130043500964764,0.2791009108289898,0.7699093900143132,0.957019968099292,-0.023116528831805372
B0045,8,3.3538584351485605,9.406521645869525,0.9516974109686328,0.7845787287514175,64,1.2130043500964764,0.26130693912784364,0.7845787287514174,0.9339034392674866,0.01779397170114616
B0045,9,3.3601940345679298,9.332993108051255,0.934972870107539,0.7707910281056913,63,1.2130043500964764,0.2780314799889374,0.7707910281056913,0.9516974109686328,-0.016724540861093762
B0045,10,3.3523314948664056,9.444905698491024,0.918238834582374,0.7569955000650589,62,1.2130043500964764,0.29476551551410246,0.7569955000650589,0.934972870107539,-0.01673403552516506
B0045,11,3.3690360375931063,9.426838378865622,0.9047160820536336,0.7458473516452575,61,1.2130043500964764,0.3082882680428428,0.7458473516452574,0.918238834582374,-0.013522752528740356
B0045,12,3.367682432025225,9.369970113200964,0.8996134600081465,0.7416407533382676,60,1.2130043500964764,0.31339089008833,0.7416407533382676,0.9047160820536336,-0.005102622045487171
B0045,13,3.3279132826646656,9.34070766418274,0.9173155706098526,0.756234361844534,59,1.2130043500964764,0.29568877948662387,0.756234361844534,0.8996134600081465,0.017702110601706122
B0045,14,3.350321096439713,9.302069153917982,0.9337919851234971,0.7698175072902483,58,1.2130043500964764,0.2792123649729793,0.7698175072902483,0.9173155706098526,0.016476414513644566
B0045,15,3.359331162708294,9.317411980580127,0.9177359900032284,0.7565809553199344,57,1.2130043500964764,0.2952683600932481,0.7565809553199344,0.9337919851234971,-0.016055995120268785
B0045,16,3.369592126579116,9.263700521297906,0.8967342672573095,0.7392671487006519,56,1.2130043500964764,0.3162700828391669,0.7392671487006519,0.9177359900032284,-0.021001722745918827
B0045,17,3.358917145433284,9.340028114657674,0.8826738515773104,0.7276757511274439,55,1.2130043500964764,0.33033049851916607,0.7276757511274439,0.8967342672573095,-0.01406041567999916
B0045,18,3.362030640697565,9.30056299156854,0.8750807075547763,0.7214159681168304,54,1.2130043500964764,0.33792364254170015,0.7214159681168304,0.8826738515773104,-0.007593144022534082
B0045,19,3.3588536093803727,9.22281304334004,0.8649902949534,0.7130974385084463,53,1.2130043500964764,0.3480140551430765,0.7130974385084463,0.8750807075547763,-0.01009041260137633
B0045,21,3.378695692025928,9.095326550743854,0.8678361869834222,0.7154435900534065,51,1.2130043500964764,0.3451681631130542,0.7154435900534065,0.8649902949534,0.002845892030022279
B0045,22,3.3494872519060244,9.366601226279746,0.8544795372479291,0.7044323766686971,50,1.2130043500964764,0.3585248128485473,0.7044323766686971,0.8678361869834222,-0.013356649735493109
B0045,23,3.357372110537913,9.3250449342318,0.8462749239233819,0.6976684987618332,49,1.2130043500964764,0.36672942617309456,0.6976684987618332,0.8544795372479291,-0.00820461332454725
B0045,24,3.3491496567925245,9.386049451113635,0.8419874295135507,0.6941338911493459,48,1.2130043500964764,0.3710169205829258,0.6941338911493459,0.8462749239233819,-0.004287494409831227
B0045,25,3.3477812317544844,9.47060276509901,0.8394704597247861,0.6920589028868847,47,1.2130043500964764,0.3735338903716904,0.6920589028868847,0.8419874295135507,-0.002516969788764589
B0045,26,3.367071947487092,9.250795794501196,0.8265016715206874,0.681367442297261,46,1.2130043500964764,0.386502678575789,0.681367442297261,0.8394704597247861,-0.012968788204098636
B0045,27,3.3622695380697225,9.161666640028292,0.8238697253941822,0.6791976676164893,45,1.2130043500964764,0.3891346247022942,0.6791976676164893,0.8265016715206874,-0.0026319461265051913
B0045,28,3.341959319996294,9.47966518144623,0.8227704673912526,0.678291440031368,44,1.2130043500964764,0.39023388270522386,0.678291440031368,0.8238697253941822,-0.0010992580029296484
B0045,29,3.349886287491361,9.345640471969572,0.8116313696080714,0.6691083750388184,43,1.2130043500964764,0.4013729804884051,0.6691083750388184,0.8227704673912526,-0.011139097783181229
B0045,30,3.3696868754952667,9.247065509105418,0.8181959367436245,0.674520199930486,42,1.2130043500964764,0.394808413352852,0.674520199930486,0.8116313696080714,0.00656456713555309
B0045,31,3.3471316923702243,9.437188062878224,0.8183157226150425,0.6746189513252426,41,1.2130043500964764,0.39468862748143396,0.6746189513252426,0.8181959367436245,0.00011978587141803221
B0045,32,3.356006958902116,9.326616316646549,0.8101120274927067,0.6678558303836869,40,1.2130043500964764,0.4028923226037697,0.6678558303836869,0.8183157226150425,-0.008203695122335763
B0045,33,3.346875326048444,9.407626297135817,0.8106566434810892,0.6683048114515118,39,1.2130043500964764,0.4023477066153872,0.6683048114515118,0.8101120274927067,0.000544615988382513
B0045,34,3.324989374061401,9.389548667197454,0.8194838462125088,0.6755819516618643,38,1.2130043500964764,0.39352050388396764,0.6755819516618643,0.8106566434810892,0.00882720273141957
B0045,35,3.359410717884239,9.349286429532288,0.8502564201735684,0.7009508416898449,37,1.2130043500964764,0.36274792992290805,0.7009508416898449,0.8194838462125088,0.03077257396105959
B0045,36,3.332764810957169,9.441538953115002,0.847314111451909,0.6985252042867924,36,1.2130043500964764,0.3656902386445674,0.6985252042867924,0.8502564201735684,-0.002942308721659348
B0045,37,3.3559050373010697,9.359228664047416,0.8252277621830155,0.6803172322649799,35,1.2130043500964764,0.3877765879134609,0.6803172322649799,0.847314111451909,-0.022086349268893524
B0045,38,3.351790229544679,9.27438757527162,0.8121289908157787,0.6695186136399147,34,1.2130043500964764,0.40087535928069773,0.6695186136399147,0.8252277621830155,-0.013098771367236806
B0045,39,3.33197447551998,9.429696548914109,0.8201094565357634,0.6760977044068605,33,1.2130043500964764,0.39289489356071305,0.6760977044068605,0.8121289908157787,0.007980465719984675
B0045,40,3.3461013025283752,9.394881952076824,0.7974777968705924,0.6574401788478046,32,1.2130043500964764,0.41552655322588405,0.6574401788478046,0.8201094565357634,-0.022631659665171
B0045,41,3.3428886631729813,9.43075776987367,0.8048738078612072,0.6635374455146772,31,1.2130043500964764,0.40813054223526923,0.6635374455146772,0.7974777968705924,0.007396010990614821
B0045,42,3.354917025236912,9.224836631104305,0.7738761053215939,0.637982959632456,30,1.2130043500964764,0.43912824477488255,0.637982959632456,0.8048738078612072,-0.030997702539613314
B0045,43,3.3443639507504046,9.403833755123674,0.7904752950241078,0.6516673208642965,29,1.2130043500964764,0.4225290550723686,0.6516673208642965,0.7738761053215939,0.01659918970251395
B0045,44,3.3345274528287843,9.500876855891326,0.7807644177850166,0.6436616799625808,28,1.2130043500964764,0.43223993231145985,0.6436616799625808,0.7904752950241078,-0.009710877239091253
B0045,45,3.31750309978654,9.562182832658891,0.7885255788685408,0.6500599761293727,27,1.2130043500964764,0.42447877122793565,0.6500599761293727,0.7807644177850166,0.007761161083524204
B0045,46,3.3408467898318857,9.261436822308626,0.7794949501177756,0.6426151316405241,26,1.2130043500964764,0.43350939997870086,0.6426151316405241,0.7885255788685408,-0.009030628750765213
B0045,47,3.307456010558326,9.662581377570865,0.7841654140827085,0.646465459106012,25,1.2130043500964764,0.428838936013768,0.646465459106012,0.7794949501177756,0.004670463964932869
B0045,48,3.339720799161788,9.430160365807216,0.7772160327269388,0.6407363936206188,24,1.2130043500964764,0.4357883173695376,0.6407363936206188,0.7841654140827085,-0.006949381355769613
B0045,49,3.3301773289057994,9.450565125745538,0.768151852192297,0.6332638890628891,23,1.2130043500964764,0.44485249790417947,0.6332638890628891,0.7772160327269388,-0.009064180534641864
B0045,50,3.315912689502328,9.581963763700015,0.7693413549637039,0.6342445143766502,22,1.2130043500964764,0.4436629951327725,0.6342445143766502,0.768151852192297,0.0011895027714069473
B0045,51,3.326541943105179,9.56424949350897,0.7730207265095644,0.6372777858942403,21,1.2130043500964764,0.439983623586912,0.6372777858942403,0.7693413549637039,0.0036793715458605103
B0045,52,3.320863508715129,9.512091838921,0.7724648736274455,0.6368195411385025,20,1.2130043500964764,0.4405394764690309,0.6368195411385025,0.7730207265095644,-0.0005558528821189013
B0045,53,3.335533479507424,9.340139313848333,0.7575152994999724,0.6244951219175128,19,1.2130043500964764,0.455489050596504,0.6244951219175128,0.7724648736274455,-0.014949574127473109
B0045,54,3.245451193585967,10.117158053840535,0.7608536403117925,0.627247247919002,18,1.2130043500964764,0.45215070978468397,0.627247247919002,0.7575152994999724,0.003338340811820051
B0045,55,3.309561388723476,9.39892783103148,0.7747972080816793,0.6387423161508495,17,1.2130043500964764,0.43820714201479716,0.6387423161508495,0.7608536403117925,0.013943567769886811
B0045,56,3.319985137353488,9.649852972927626,0.8102348130732424,0.667957054736696,16,1.2130043500964764,0.40276953702323404,0.667957054736696,0.7747972080816793,0.03543760499156312
B0045,57,3.3226015316575044,9.608166954040149,0.7993168859747941,0.6589563227132865,15,1.2130043500964764,0.41368746412168234,0.6589563227132865,0.8102348130732424,-0.010917927098448299
B0045,58,3.300797526983668,9.65153604736686,0.7798058135983743,0.6428714072924407,14,1.2130043500964764,0.43319853649810214,0.6428714072924407,0.7993168859747941,-0.019511072376419802
B0045,59,3.3324948404134016,9.516413787622792,0.7736054204435885,0.6377598071944752,13,1.2130043500964764,0.43939892965288796,0.6377598071944752,0.7798058135983743,-0.0062003931547858215
B0045,60,3.3136214009341693,9.700398923724409,0.7743877093310451,0.6384047256462468,12,1.2130043500964764,0.4386166407654314,0.6384047256462468,0.7736054204435885,0.0007822888874565725
B0045,61,3.2889469370295408,9.678398480563231,0.7469056139591767,0.6157485040344426,11,1.2130043500964764,0.4660987361372998,0.6157485040344426,0.7743877093310451,-0.02748209537186841
B0045,62,3.319367571251579,9.533795004730512,0.7486602723754824,0.6171950432955476,10,1.2130043500964764,0.46434407772099406,0.6171950432955476,0.7469056139591767,0.0017546584163057322
B0045,63,3.3284635412443206,9.612909873876085,0.7668025554720743,0.6321515297212962,9,1.2130043500964764,0.4462017946244021,0.6321515297212962,0.7486602723754824,0.018142283096591938
B0045,64,3.307839312676216,9.703119506563697,0.7677957767219706,0.6329703406759456,8,1.2130043500964764,0.4452085733745058,0.6329703406759456,0.7668025554720743,0.0009932212498963144
B0045,65,3.315362724800683,9.592693028788633,0.7527953503543795,0.6206039989011629,7,1.2130043500964764,0.46020899974209695,0.6206039989011629,0.7677957767219706,-0.015000426367591135
B0045,67,3.2695214685653347,9.772992685654565,0.771744289619224,0.6362254921491776,5,1.2130043500964764,0.4412600604772524,0.6362254921491776,0.7527953503543795,0.018948939264844533
B0045,68,3.328302887890137,9.521263418894383,0.7892958947744316,0.650695024062902,4,1.2130043500964764,0.4237084553220448,0.650695024062902,0.771744289619224,0.017551605155207595
B0045,69,3.340932116457829,9.509480091865012,0.775491357431508,0.6393145724249292,3,1.2130043500964764,0.43751299266496846,0.6393145724249292,0.7892958947744316,-0.01380453734292364
B0045,70,3.32055119300061,9.51623340255359,0.7617343888877659,0.6279733364741695,2,1.2130043500964764,0.45126996120871055,0.6279733364741695,0.775491357431508,-0.013756968543742087
B0045,71,3.3127299171825197,9.695821599352906,0.7564962608314525,0.6236550270996839,1,1.2130043500964764,0.45650808926502395,0.6236550270996839,0.7617343888877659,-0.005238128056313407
B0045,72,3.311297733424916,9.55972690784604,0.7493012581296943,0.6177234715358593,0,1.2130043500964764,0.46370309196678217,0.6177234715358593,0.7564962608314525,-0.007195002701758213
B0046,2,3.4252545586780085,8.872109574065124,1.578108267334884,0.8776139399613124,70,1.798180493127139,0.22007222579225494,0.8776139399613124,1.798180493127139,-0.22007222579225494
B0046,3,3.4241204209494627,8.63384334840121,1.564047604127128,0.8697945562779182,69,1.798180493127139,0.23413288900001095,0.8697945562779182,1.578108267334884,-0.014060663207756008
B0046,4,3.423608435843718,8.63136091760955,1.54818732136084,0.8609743723047809,68,1.798180493127139,0.2499931717662991,0.8609743723047809,1.564047604127128,-0.015860282766288147
B0046,5,3.4211455348547464,8.67696820980418,1.5357868857992392,0.854078270601422,67,1.798180493127139,0.26239360732789985,0.854078270601422,1.54818732136084,-0.012400435561600753
B0046,6,3.418211640329191,8.714755394110101,1.5254879466439104,0.8483508482460509,66,1.798180493127139,0.2726925464832286,0.8483508482460509,1.5357868857992392,-0.010298939155328757
B0046,7,3.3895985697265125,8.952164401303621,1.5249622973326704,0.8480585253600841,65,1.798180493127139,0.2732181957944686,0.8480585253600841,1.5254879466439104,-0.0005256493112399951
B0046,8,3.403350759680664,8.965278381938601,1.5297573214908842,0.8507251231663338,64,1.798180493127139,0.26842317163625484,0.8507251231663338,1.5249622973326704,0.0047950241582137565
B0046,9,3.4089875975783017,8.857079944726477,1.5112931778687635,0.8404568860829639,63,1.798180493127139,0.2868873152583755,0.8404568860829638,1.5297573214908842,-0.018464143622120677
B0046,10,3.405344636824463,8.951187295260016,1.4994852196427415,0.8338902715127616,62,1.798180493127139,0.2986952734843975,0.8338902715127616,1.5112931778687635,-0.011807958226021986
B0046,11,3.4032461605763142,8.966158040889411,1.4875852780942564,0.8272725033888341,61,1.798180493127139,0.31059521503288257,0.8272725033888341,1.4994852196427415,-0.01189994154848506
B0046,12,3.396770951444608,8.972930848723113,1.4797597491914796,0.8229205882542372,60,1.798180493127139,0.31842074393565944,0.8229205882542372,1.4875852780942564,-0.00782552890277688
B0046,13,3.3721964614287634,9.032800036514974,1.498882167044807,0.8335549032890268,59,1.798180493127139,0.2992983260823321,0.8335549032890268,1.4797597491914796,0.019122417853327356
B0046,14,3.396209682940304,8.8666091485246,1.5097523991393391,0.8396000317597669,58,1.798180493127139,0.2884280939877999,0.8396000317597668,1.498882167044807,0.010870232094532195
B0046,15,3.3989726713804767,8.91721938287038,1.4945247793512804,0.8311316828669496,57,1.798180493127139,0.30365571377585865,0.8311316828669496,1.5097523991393391,-0.015227619788058755
B0046,16,3.3956760806088897,8.93451259473862,1.473998679020558,0.8197167551613186,56,1.798180493127139,0.3241818141065811,0.8197167551613185,1.4945247793512804,-0.02052610033072244
B0046,17,3.390339957731598,9.000447374708957,1.4653570240707563,0.8149109778865504,55,1.798180493127139,0.3328234690563827,0.8149109778865504,1.473998679020558,-0.008641654949801625
B0046,18,3.387564802409393,9.016720196858456,1.452888716029932,0.8079771310961533,54,1.798180493127139,0.34529177709720704,0.8079771310961533,1.4653570240707563,-0.012468308040824327
B0046,19,3.375588926043044,8.999593683204713,1.442542346148238,0.8022233316743272,53,1.798180493127139,0.35563814697890095,0.8022233316743272,1.452888716029932,-0.010346369881693906
B0046,21,3.3771442240108183,9.073580268946476,1.4910145630208078,0.8291795894347892,51,1.798180493127139,0.3071659301063312,0.8291795894347892,1.442542346148238,0.04847221687256975
B0046,22,3.3739069772216053,9.035703497783532,1.4246752371241287,0.7922871160984161,50,1.798180493127139,0.3735052560030103,0.7922871160984161,1.4910145630208078,-0.06633932589667912
B0046,23,3.3730377771688125,9.0428494070086,1.4106538681174186,0.7844895846157304,49,1.798180493127139,0.38752662500972046,0.7844895846157304,1.4246752371241287,-0.014021369006710138
B0046,24,3.361814920655554,9.103478864398264,1.403604250661516,0.7805691675703632,48,1.798180493127139,0.39457624246562295,0.7805691675703632,1.4106538681174186,-0.0070496174559024904
B0046,25,3.36759601245628,9.08626820310501,1.3940485839460186,0.775255092174695,47,1.798180493127139,0.4041319091811204,0.775255092174695,1.403604250661516,-0.009555666715497457
B0046,26,3.3619567307164724,9.113491912356013,1.3851343582995153,0.7702977335109932,46,1.798180493127139,0.41304613482762376,0.7702977335109932,1.3940485839460186,-0.008914225646503349
B0046,27,3.360770876263507,8.977476169539525,1.369809986878178,0.761775579322407,45,1.798180493127139,0.4283705062489611,0.761775579322407,1.3851343582995153,-0.015324371421337357
B0046,28,3.3581255157395584,9.205520238536876,1.364734652637586,0.758953096117862,44,1.798180493127139,0.4334458404895529,0.758953096117862,1.369809986878178,-0.005075334240591811
B0046,29,3.3454145722315247,9.153972927000432,1.3608836106771258,0.7568114635202561,43,1.798180493127139,0.4372968824500132,0.7568114635202561,1.364734652637586,-0.0038510419604602664
B0046,30,3.353800882166825,9.111354213090989,1.3499655908776071,0.7507397594609313,42,1.798180493127139,0.44821490224953187,0.7507397594609313,1.3608836106771258,-0.010918019799518675
B0046,31,3.350657273692142,9.163824507961875,1.3402317984730172,0.7453266252167363,41,1.798180493127139,0.4579486946541218,0.7453266252167363,1.3499655908776071,-0.009733792404589936
B0046,32,3.349047830330531,9.165326915001913,1.3289357910033903,0.7390447155236874,40,1.798180493127139,0.4692447021237487,0.7390447155236873,1.3402317984730172,-0.01129600746962689
B0046,33,3.3421554268866664,9.1913086870747,1.325910888721995,0.7373625138242713,39,1.798180493127139,0.472269604405144,0.7373625138242713,1.3289357910033903,-0.003024902281395292
B0046,34,3.3205030122204917,9.27415763140438,1.3720421088131234,0.7630169018389603,38,1.798180493127139,0.42613838431401563,0.7630169018389603,1.325910888721995,0.046131220091128355
B0046,35,3.349264182688189,9.27198191310828,1.395436156742833,0.7760267459670245,37,1.798180493127139,0.40274433638430596,0.7760267459670245,1.3720421088131234,0.02339404792970967
B0046,36,3.3574536928825296,9.033984664610191,1.3649937776425431,0.759097200119628,36,1.798180493127139,0.43318671548459586,0.759097200119628,1.395436156742833,-0.030442379100289907
B0046,37,3.353525476118417,9.172120651818531,1.351492795007272,0.7515890647089316,35,1.798180493127139,0.4466876981198671,0.7515890647089316,1.3649937776425431,-0.01350098263527122
B0046,38,3.347073227310051,9.093365400458568,1.3392718817443474,0.7447927985334091,34,1.798180493127139,0.4589086113827916,0.7447927985334091,1.351492795007272,-0.012220913262924515
B0046,39,3.348504626898048,9.119927887302934,1.3230526920993149,0.7357730200923548,33,1.798180493127139,0.47512780102782415,0.7357730200923548,1.3392718817443474,-0.01621918964503255
B0046,40,3.3328169133314747,9.18534555219432,1.3211722790527438,0.7347272891138694,32,1.798180493127139,0.4770082140743952,0.7347272891138694,1.3230526920993149,-0.00188041304657105
B0046,41,3.343773088070051,9.156968538676209,1.3036356656473649,0.7249748680013025,31,1.798180493127139,0.49454482747977413,0.7249748680013026,1.3211722790527438,-0.01753661340537893
B0046,42,3.33676988143417,9.08775088318824,1.293463552988091,0.7193179761052149,30,1.798180493127139,0.5047169401390481,0.7193179761052149,1.3036356656473649,-0.01017211265927398
B0046,43,3.333058450714012,9.184456763175827,1.2881600244139055,0.7163685899927217,29,1.798180493127139,0.5100204687132335,0.7163685899927217,1.293463552988091,-0.005303528574185368
B0046,44,3.3253795557190946,9.240696873565602,1.2742366897801434,0.7086255771600395,28,1.798180493127139,0.5239438033469956,0.7086255771600395,1.2881600244139055,-0.013923334633762163
B0046,45,3.319242522727121,9.194602521063482,1.271852486043557,0.7072996792617479,27,1.798180493127139,0.5263280070835821,0.7072996792617479,1.2742366897801434,-0.002384203736586432
B0046,46,3.327359417043662,9.046655941616262,1.2623808514415091,0.7020323356117363,26,1.798180493127139,0.5357996416856299,0.7020323356117363,1.271852486043557,-0.009471634602047807
B0046,47,3.3259632346577277,9.26195924957788,1.2564159485465898,0.6987151475331658,25,1.798180493127139,0.5417645445805492,0.6987151475331658,1.2623808514415091,-0.005964902894919355
B0046,48,3.322240958381916,9.252994157098664,1.250959295925189,0.6956806064277223,24,1.798180493127139,0.5472211972019501,0.6956806064277223,1.2564159485465898,-0.005456652621400826
B0046,49,3.323157024312209,9.2773122056447,1.2412649744289912,0.6902894226543189,23,1.798180493127139,0.5569155186981478,0.6902894226543189,1.250959295925189,-0.009694321496197755
B0046,50,3.3114789937571287,9.331127163327569,1.2393884167714635,0.689245835725921,22,1.798180493127139,0.5587920763556755,0.6892458357259209,1.2412649744289912,-0.0018765576575276999
B0046,51,3.3170441017303047,9.266824205941363,1.2325415380120428,0.6854381652581396,21,1.798180493127139,0.5656389551150962,0.6854381652581396,1.2393884167714635,-0.006846878759420694
B0046,52,3.314496922697215,9.20992133972331,1.2233354455536012,0.68031849429428,20,1.798180493127139,0.5748450475735378,0.68031849429428,1.2325415380120428,-0.009206092458441617
B0046,53,3.315933995614132,9.1721362476023,1.2133464520487336,0.6747634382011644,19,1.798180493127139,0.5848340410784054,0.6747634382011644,1.2233354455536012,-0.009988993504867594
B0046,55,3.293831959748942,9.273601384658203,1.327691211162347,0.7383525826450357,17,1.798180493127139,0.4704892819647921,0.7383525826450357,1.2133464520487336,0.1143447591136133
B0046,56,3.3205927834140843,9.311634785976045,1.3060561175935383,0.7263209241705385,16,1.798180493127139,0.49212437553360067,0.7263209241705385,1.327691211162347,-0.02163509356880855
B0046,57,3.3321448974569696,9.306501252940654,1.28288216750456,0.7134334803474339,15,1.798180493127139,0.5152983256225789,0.7134334803474341,1.3060561175935383,-0.023173950088978268
B0046,58,3.3273106350281823,9.372818918969632,1.268168503609267,0.7052509514235966,14,1.798180493127139,0.5300119895178721,0.7052509514235966,1.28288216750456,-0.014713663895293161
B0046,59,3.326398154149516,9.565977385225588,1.2630948949266467,0.7024294278323819,13,1.798180493127139,0.5350855982004923,0.7024294278323819,1.268168503609267,-0.00507360868262019
B0046,60,3.324081152870965,9.61325381021306,1.2522979614005094,0.6964250619929101,12,1.798180493127139,0.5458825317266296,0.6964250619929101,1.2630948949266467,-0.010796933526137309
B0046,61,3.287552208295572,9.67068971902858,1.2616488555008507,0.7016252597128173,11,1.798180493127139,0.5365316376262883,0.7016252597128173,1.2522979614005094,0.00935089410034129
B0046,62,3.3123680120679446,9.660074492266734,1.2746131510785088,0.7088349339514207,10,1.798180493127139,0.5235673420486302,0.7088349339514207,1.2616488555008507,0.012964295577658103
B0046,63,3.3202672940295272,9.610732084606385,1.2555467772795,0.6982317860072167,9,1.798180493127139,0.5426337158476391,0.6982317860072167,1.2746131510785088,-0.019066373799008884
B0046,64,3.3220005581957603,9.509606751933422,1.236253747935406,0.6875025909025906,8,1.798180493127139,0.5619267451917329,0.6875025909025906,1.2555467772795,-0.019293029344093826
B0046,65,3.316995919062792,9.55376799961061,1.2305581324071375,0.6843351582949977,7,1.798180493127139,0.5676223607200015,0.6843351582949976,1.236253747935406,-0.005695615528268583
B0046,67,3.304824958917925,9.689325427035971,1.3621635309322282,0.7575232498286908,5,1.798180493127139,0.4360169621949108,0.7575232498286908,1.2305581324071375,0.13160539852509068
B0046,68,3.320937488374815,9.556603392460913,1.3010399337329996,0.723531335539302,4,1.798180493127139,0.49714055939413937,0.723531335539302,1.3621635309322282,-0.06112359719922855
B0046,69,3.330905794115812,9.49892257877196,1.2813242927901325,0.712567118644378,3,1.798180493127139,0.5168562003370065,0.7125671186443782,1.3010399337329996,-0.019715640942867152
B0046,70,3.322311676301224,9.540517814658063,1.273236992156545,0.7080696276169212,2,1.798180493127139,0.5249435009705941,0.7080696276169212,1.2813242927901325,-0.008087300633587535
B0046,71,3.3265245824041667,9.519831150565883,1.251671745771785,0.6960768123977678,1,1.798180493127139,0.546508747355354,0.6960768123977678,1.273236992156545,-0.021565246384759984
B0046,72,3.325662411014798,9.50863223906921,1.241691968784653,0.6905268817732971,0,1.798180493127139,0.556488524342486,0.6905268817732971,1.251671745771785,-0.009979776987131928
B0047,2,3.4765588189090355,8.210715424489035,1.5485911041185842,0.9077409654626074,70,1.7059834942332734,0.1573923901146892,0.9077409654626074,1.7059834942332734,-0.1573923901146892
B0047,3,3.4707669643372343,7.954455063989402,1.532369181752867,0.8982321264729267,69,1.7059834942332734,0.17361431248040637,0.8982321264729267,1.5485911041185842,-0.01622192236571718
B0047,4,3.468236092245158,7.980159803928239,1.5117108560402293,0.8861227914280866,68,1.7059834942332734,0.1942726381930442,0.8861227914280866,1.532369181752867,-0.020658325712637815
B0047,5,3.4610595011784744,8.017115743559623,1.495304481593001,0.8765058317665854,67,1.7059834942332734,0.21067901264027245,0.8765058317665854,1.5117108560402293,-0.016406374447228256
B0047,6,3.459745293977213,8.028123983932202,1.4771105554676067,0.865841059107943,66,1.7059834942332734,0.22887293876566672,0.865841059107943,1.495304481593001,-0.018193926125394277
B0047,7,3.4390950140905594,8.160641168684258,1.4741201226873923,0.8640881507179597,65,1.7059834942332734,0.2318633715458811,0.8640881507179597,1.4771105554676067,-0.0029904327802143804
B0047,8,3.44810227661685,8.230899786348077,1.463199177067109,0.8576865966248519,64,1.7059834942332734,0.24278431716616455,0.8576865966248519,1.4741201226873923,-0.010920945620283451
B0047,9,3.4496654644975946,8.146945225413083,1.44385228696324,0.8463459886006435,63,1.7059834942332734,0.2621312072700335,0.8463459886006435,1.463199177067109,-0.01934689010386892
B0047,10,3.4449123724079618,8.251894856354932,1.4283792959179062,0.837276152287668,62,1.7059834942332734,0.2776041983153672,0.837276152287668,1.44385228696324,-0.015472991045333728
B0047,11,3.441830864370845,8.23497518866995,1.4131854577972789,0.8283699476426716,61,1.7059834942332734,0.29279803643599456,0.8283699476426717,1.4283792959179062,-0.015193838120627357
B0047,12,3.434468178084288,8.269239827690175,1.40130106361853,0.8214036468437943,60,1.7059834942332734,0.30468243061474354,0.8214036468437943,1.4131854577972789,-0.01188439417874898
B0047,13,3.430685777894198,8.225650869029996,1.4384785745389683,0.8431960680753652,59,1.7059834942332734,0.2675049196943051,0.8431960680753651,1.40130106361853,0.03717751092043842
B0047,14,3.442078085056046,8.16126508624072,1.4344420203957724,0.840829952484657,58,1.7059834942332734,0.27154147383750105,0.840829952484657,1.4384785745389683,-0.004036554143195925
B0047,15,3.442467881226828,8.25301239256121,1.4154667448300309,0.8297071745504719,57,1.7059834942332734,0.29051674940324257,0.829707174550472,1.4344420203957724,-0.018975275565741523
B0047,16,3.431954969482704,8.298550285234008,1.39919507994758,0.8201691778831807,56,1.7059834942332734,0.30678841428569337,0.8201691778831809,1.4154667448300309,-0.016271664882450798
B0047,17,3.432751730603936,8.318107121376224,1.3785103590925816,0.8080443707411897,55,1.7059834942332734,0.3274731351406919,0.8080443707411897,1.39919507994758,-0.020684720854998506
B0047,18,3.427542130308232,8.297420114305286,1.361774924065097,0.7982345249343251,54,1.7059834942332734,0.3442085701681765,0.7982345249343251,1.3785103590925816,-0.016735435027484646
B0047,19,3.4171059667378687,8.320143302118462,1.3478844059666797,0.790092290179199,53,1.7059834942332734,0.35809908826659376,0.7900922901791992,1.361774924065097,-0.013890518098417237
B0047,21,3.4143862393470883,8.387497723889686,1.3722333268656377,0.8043649493117551,51,1.7059834942332734,0.33375016736763574,0.8043649493117551,1.3478844059666797,0.024348920898958015
B0047,22,3.4188169247620444,8.291812385077394,1.3216857490685716,0.7747353673328369,50,1.7059834942332734,0.38429774516470183,0.7747353673328369,1.3722333268656377,-0.05054757779706609
B0047,23,3.4148275723618293,8.306710081867955,1.3108629417428903,0.768391339174144,49,1.7059834942332734,0.39512055249038314,0.7683913391741438,1.3216857490685716,-0.010822807325681305
B0047,24,3.409591730169167,8.401755924951388,1.2969668673798496,0.7602458474914789,48,1.7059834942332734,0.4090166268534239,0.7602458474914789,1.3108629417428903,-0.013896074363040745
B0047,25,3.405619312320323,8.396721640224467,1.2952842777537152,0.7592595603252654,47,1.7059834942332734,0.4106992164795582,0.7592595603252654,1.2969668673798496,-0.0016825896261343232
B0047,26,3.407153925686063,8.406627155849105,1.2785617800787188,0.7494572980340279,46,1.7059834942332734,0.42742171415455465,0.7494572980340279,1.2952842777537152,-0.01672249767499645
B0047,27,3.402652620343968,8.287625056904387,1.2671102920075157,0.7427447547357412,45,1.7059834942332734,0.43887320222575776,0.7427447547357413,1.2785617800787188,-0.011451488071203109
B0047,28,3.398740761774466,8.49190236531868,1.2614490983031843,0.7394263206925823,44,1.7059834942332734,0.44453439593008914,0.7394263206925822,1.2671102920075157,-0.00566119370433138
B0047,29,3.3944642872553503,8.429700031319088,1.2513787568768229,0.7335233670823027,43,1.7059834942332734,0.4546047373564506,0.7335233670823027,1.2614490983031843,-0.010070341426361429
B0047,30,3.389598025313396,8.439775105698374,1.2508557780975282,0.733216811490726,42,1.7059834942332734,0.4551277161357452,0.733216811490726,1.2513787568768229,-0.0005229787792946361
B0047,31,3.388633745665657,8.469819743544926,1.2409324857256978,0.7274000539398037,41,1.7059834942332734,0.46505100850757564,0.7274000539398037,1.2508557780975282,-0.009923292371830428
B0047,32,3.3932667889977304,8.459204966688853,1.2255975993855257,0.7184111707577514,40,1.7059834942332734,0.48038589484774774,0.7184111707577514,1.2409324857256978,-0.015334886340172105
B0047,33,3.383460851527943,8.489223307771216,1.223930076612669,0.7174337153612055,39,1.7059834942332734,0.4820534176206044,0.7174337153612055,1.2255975993855257,-0.0016675227728566444
B0047,34,3.3844684613563984,8.477056413784224,1.297814437412811,0.7607426694336763,38,1.7059834942332734,0.40816905682046234,0.7607426694336763,1.223930076612669,0.07388436080014205
B0047,35,3.402095154295076,8.553128334903379,1.3025594670792602,0.7635240736398065,37,1.7059834942332734,0.40342402715401326,0.7635240736398065,1.297814437412811,0.004745029666449074
B0047,36,3.404875705239043,8.3359517111782,1.2805010359310542,0.7505940357919785,36,1.7059834942332734,0.4254824583022192,0.7505940357919785,1.3025594670792602,-0.022058431148205937
B0047,37,3.3977378433240317,8.481468325698998,1.2673199533536357,0.7428676523762101,35,1.7059834942332734,0.43866354087963777,0.7428676523762101,1.2805010359310542,-0.013181082577418568
B0047,38,3.3920935888570245,8.417112740186075,1.250821553297314,0.7331967498662555,34,1.7059834942332734,0.4551619409359595,0.7331967498662555,1.2673199533536357,-0.01649840005632175
B0047,39,3.395549365380845,8.46566885112993,1.2339600346336386,0.7233129973442222,33,1.7059834942332734,0.4720234595996349,0.7233129973442222,1.250821553297314,-0.016861518663675357
B0047,40,3.384714157387888,8.500946578660015,1.2283800994828549,0.720042194801498,32,1.7059834942332734,0.4776033947504186,0.720042194801498,1.2339600346336386,-0.005579935150783699
B0047,41,3.379580822488529,8.539535528911191,1.2274550935907298,0.7194999821158232,31,1.7059834942332734,0.47852840064254365,0.7194999821158232,1.2283800994828549,-0.0009250058921250748
B0047,42,3.3808097620789024,8.420605358837513,1.2093395504180997,0.7088811553605433,30,1.7059834942332734,0.49664394381517374,0.7088811553605433,1.2274550935907298,-0.01811554317263009
B0047,43,3.382026759648077,8.51215713252602,1.199879793046628,0.7033361091139364,29,1.7059834942332734,0.5061037011866454,0.7033361091139364,1.2093395504180997,-0.009459757371471644
B0047,44,3.376424700878435,8.54602737861718,1.1939537744738864,0.6998624421102558,28,1.7059834942332734,0.512029719759387,0.6998624421102558,1.199879793046628,-0.005926018572741665
B0047,45,3.372901985823688,8.441252362824123,1.1872538709617269,0.6959351453135358,27,1.7059834942332734,0.5187296232715466,0.6959351453135358,1.1939537744738864,-0.006699903512159544
B0047,46,3.378642488252421,8.334392904335672,1.1780943421265522,0.6905660846713101,26,1.7059834942332734,0.5278891521067213,0.6905660846713101,1.1872538709617269,-0.00915952883517468
B0047,47,3.370172138170829,8.548983420432004,1.180425096023729,0.6919323076770165,25,1.7059834942332734,0.5255583982095444,0.6919323076770165,1.1780943421265522,0.0023307538971768516
B0047,48,3.367920943746027,8.545644001542279,1.1747570738413975,0.6886098709702775,24,1.7059834942332734,0.531226420391876,0.6886098709702775,1.180425096023729,-0.0056680221823315335
B0047,49,3.37278949756928,8.51192228405631,1.163299021869377,0.6818934800961851,23,1.7059834942332734,0.5426844723638964,0.6818934800961851,1.1747570738413975,-0.011458051972020433
B0047,50,3.3572555121861654,8.579022355624243,1.1708490821293969,0.6863191150953168,22,1.7059834942332734,0.5351344121038766,0.6863191150953168,1.163299021869377,0.007550060260019809
B0047,51,3.36662150260173,8.51156087551314,1.1557872973644134,0.6774903164487317,21,1.7059834942332734,0.55019619686886,0.6774903164487317,1.1708490821293969,-0.015061784764983432
B0047,52,3.3578225461504885,8.509426489984776,1.158983893116713,0.6793640718297801,20,1.7059834942332734,0.5469996011165605,0.6793640718297801,1.1557872973644134,0.0031965957522994692
B0047,53,3.368642046997064,8.445602008336293,1.1409072992670408,0.6687680760825901,19,1.7059834942332734,0.5650761949662326,0.6687680760825901,1.158983893116713,-0.018076593849672085
B0047,55,3.372493003925355,8.476574571858773,1.2340039064137325,0.723338713759558,17,1.7059834942332734,0.47197958781954097,0.723338713759558,1.1409072992670408,0.09309660714669166
B0047,56,3.382530566172937,8.554438620381868,1.236287595508801,0.7246773486893732,16,1.7059834942332734,0.46969589872447237,0.7246773486893732,1.2340039064137325,0.0022836890950685973
B0047,57,3.383937061133164,8.602138572039069,1.225824723568134,0.7185443046264999,15,1.7059834942332734,0.48015877066513935,0.7185443046265,1.236287595508801,-0.010462871940666973
B0047,58,3.383401634517274,8.717549552888013,1.2074309676246202,0.7077623972952215,14,1.7059834942332734,0.49855252660865323,0.7077623972952215,1.225824723568134,-0.01839375594351389
B0047,59,3.384139592385293,9.003534328496398,1.2021845409763254,0.7046870881459658,13,1.7059834942332734,0.503798953256948,0.7046870881459658,1.2074309676246202,-0.0052464266482947775
B0047,60,3.3827771801616184,9.02852617906244,1.191037980766021,0.6981532850652308,12,1.7059834942332734,0.5149455134672525,0.6981532850652308,1.2021845409763254,-0.011146560210304468
B0047,61,3.3619558255972777,9.037363017900612,1.197870734293665,0.7021584548401675,11,1.7059834942332734,0.5081127599396085,0.7021584548401675,1.191037980766021,0.006832753527644009
B0047,62,3.376166823807814,9.082135311034904,1.2046609871291212,0.7061387118933038,10,1.7059834942332734,0.5013225071041523,0.7061387118933038,1.197870734293665,0.006790252835456201
B0047,63,3.3803223571350443,9.039739897526678,1.1943151684197395,0.7000742811738077,9,1.7059834942332734,0.5116683258135339,0.7000742811738077,1.2046609871291212,-0.010345818709381671
B0047,64,3.3762736203145822,8.974469671173761,1.1836377929529085,0.6938155011194146,8,1.7059834942332734,0.522345701280365,0.6938155011194146,1.1943151684197395,-0.010677375466831007
B0047,65,3.3744651760728988,9.036875447987502,1.174032252781531,0.6881850010566373,7,1.7059834942332734,0.5319512414517424,0.6881850010566373,1.1836377929529085,-0.009605540171377491
B0047,67,3.3850807989789566,9.095394308322597,1.2612743846671075,0.7393239084261873,5,1.7059834942332734,0.44470910956616594,0.7393239084261872,1.174032252781531,0.0872421318855765
B0047,68,3.390089045063424,9.009063913586548,1.238912561847798,0.7262160308324713,4,1.7059834942332734,0.46707093238547537,0.7262160308324713,1.2612743846671075,-0.02236182281930943
B0047,69,3.3919885847746998,8.958051495293551,1.225579346448047,0.7184004713942813,3,1.7059834942332734,0.48040414778522655,0.7184004713942813,1.238912561847798,-0.013333215399751186
B0047,70,3.383553622357506,8.98211592581506,1.2133040277550489,0.7112050215353043,2,1.7059834942332734,0.4926794664782246,0.7112050215353043,1.225579346448047,-0.012275318692998027
B0047,71,3.383817098626054,9.037146843138396,1.1986273464773758,0.7026019598249861,1,1.7059834942332734,0.5073561477558977,0.7026019598249861,1.2133040277550489,-0.014676681277673076
B0047,72,3.3818846696550438,9.009035929017504,1.188522560324479,0.6966788156755531,0,1.7059834942332734,0.5174609339087946,0.6966788156755532,1.1986273464773758,-0.010104786152896894
B0048,2,3.456202555293887,7.968143328497911,1.5058522546116089,0.9070490366737802,70,1.6601663126545914,0.15431405804298248,0.9070490366737802,1.6601663126545914,-0.15431405804298248
B0048,3,3.4554729192557665,7.708232069225636,1.500959148882836,0.9041016779113024,69,1.6601663126545914,0.15920716377175537,0.9041016779113025,1.5058522546116089,-0.004893105728772884
B0048,4,3.457846432761842,7.709339378942926,1.4803766301079242,0.89170381233722,68,1.6601663126545914,0.17978968254666716,0.89170381233722,1.500959148882836,-0.020582518774911795
B0048,5,3.4561962778020874,7.732842030017119,1.4665240912406707,0.8833597453834078,67,1.6601663126545914,0.19364222141392062,0.8833597453834078,1.4803766301079242,-0.013852538867253461
B0048,6,3.4522997942478395,7.719271389346325,1.453019027163452,0.8752249796227267,66,1.6601663126545914,0.20714728549113937,0.8752249796227267,1.4665240912406707,-0.013505064077218742
B0048,7,3.4366217356490427,7.850560797295087,1.4538036700357362,0.875697608699888,65,1.6601663126545914,0.20636264261885517,0.875697608699888,1.453019027163452,0.0007846428722841914
B0048,8,3.445209601597082,7.892429642378336,1.4464629013901165,0.8712759019168598,64,1.6601663126545914,0.2137034112644749,0.8712759019168598,1.4538036700357362,-0.007340768645619722
B0048,9,3.4460169260667843,7.839265361676273,1.4373741514013585,0.8658012998125529,63,1.6601663126545914,0.22279216125323287,0.865801299812553,1.4464629013901165,-0.009088749988757971
B0048,10,3.4441032991935394,7.900090885425216,1.4193012660738566,0.8549151101641175,62,1.6601663126545914,0.2408650465807347,0.8549151101641175,1.4373741514013585,-0.018072885327501842
B0048,11,3.44186148866113,7.929014030925372,1.407794960268515,0.8479842950297329,61,1.6601663126545914,0.25237135238607644,0.8479842950297329,1.4193012660738566,-0.011506305805341732
B0048,12,3.4394150188107564,7.94649033224251,1.392364576364006,0.8386898142377237,60,1.6601663126545914,0.26780173629058535,0.8386898142377237,1.407794960268515,-0.015430383904508904
B0048,13,3.4282561421362647,7.88536283878889,1.4217748010606428,0.8564050422076313,59,1.6601663126545914,0.23839151159394856,0.8564050422076313,1.392364576364006,0.02941022469663679
B0048,14,3.44073300018379,7.804651657633728,1.421151906234809,0.8560298419514365,58,1.6601663126545914,0.23901440641978233,0.8560298419514365,1.4217748010606428,-0.0006228948258337752
B0048,15,3.443313030687578,7.865280450005969,1.406360576929666,0.8471202952437384,57,1.6601663126545914,0.25380573572492526,0.8471202952437384,1.421151906234809,-0.01479132930514293
B0048,16,3.435585554944565,7.878072733857128,1.39369706289657,0.8394924365547816,56,1.6601663126545914,0.26646924975802144,0.8394924365547815,1.406360576929666,-0.01266351403309618
B0048,17,3.433449652201415,7.878684633624787,1.37710899707161,0.82950062687974,55,1.6601663126545914,0.2830573155829814,0.82950062687974,1.39369706289657,-0.016588065824959974
B0048,18,3.4326527907617232,7.899449723438047,1.3591971373904097,0.8187114309150542,54,1.6601663126545914,0.30096917526418165,0.8187114309150542,1.37710899707161,-0.017911859681200237
B0048,19,3.4258764098245766,7.899111106207746,1.3461456516227792,0.8108498777271924,53,1.6601663126545914,0.31402066103181214,0.8108498777271924,1.3591971373904097,-0.013051485767630489
B0048,21,3.422747049640848,7.93474168469247,1.3745128650465537,0.8279368485972465,51,1.6601663126545914,0.2856534476080377,0.8279368485972467,1.3461456516227792,0.028367213423774462
B0048,22,3.4278035772533606,7.8609665747891135,1.320507631991602,0.7954068348008592,50,1.6601663126545914,0.3396586806629893,0.7954068348008592,1.3745128650465537,-0.05400523305495164
B0048,23,3.424225909548327,7.884320036574911,1.313440850526962,0.7911501640018113,49,1.6601663126545914,0.34672546212762945,0.791150164001811,1.320507631991602,-0.007066781464640126
B0048,24,3.4177547645003234,7.941348351020423,1.2991889839130026,0.7825655622632234,48,1.6601663126545914,0.3609773287415887,0.7825655622632234,1.313440850526962,-0.014251866613959274
B0048,25,3.4171701813480344,7.97486192505707,1.301648210745206,0.7840468757999804,47,1.6601663126545914,0.35851810190938527,0.7840468757999806,1.2991889839130026,0.002459226832203454
B0048,26,3.4150722299443523,7.954144064034527,1.2848209158589945,0.773910966669705,46,1.6601663126545914,0.37534539679559686,0.773910966669705,1.301648210745206,-0.016827294886211597
B0048,27,3.4114147830721944,7.856042469578709,1.2774334406252743,0.769461126206488,45,1.6601663126545914,0.38273287202931705,0.769461126206488,1.2848209158589945,-0.0073874752337201866
B0048,28,3.4058398924133497,8.014577084621013,1.2756981034627244,0.7684158470984117,44,1.6601663126545914,0.38446820919186697,0.7684158470984117,1.2774334406252743,-0.0017353371625499214
B0048,29,3.404528413089118,7.951538840100649,1.2615827961802395,0.7599135017762044,43,1.6601663126545914,0.39858351647435186,0.7599135017762044,1.2756981034627244,-0.01411530728248489
B0048,30,3.4029236906248674,8.008186462613452,1.2652969980034523,0.7621507486079835,42,1.6601663126545914,0.39486931465113906,0.7621507486079835,1.2615827961802395,0.003714201823212804
B0048,31,3.4055924713115213,8.027841820319736,1.2513305930931526,0.7537380945239673,41,1.6601663126545914,0.4088357195614387,0.7537380945239673,1.2652969980034523,-0.013966404910299657
B0048,32,3.4048725889148246,7.997161570935925,1.2361656199983893,0.7446034837448131,40,1.6601663126545914,0.4240006926562021,0.7446034837448131,1.2513305930931526,-0.01516497309476339
B0048,33,3.3973647285287227,8.044927766422987,1.24224344271632,0.7482644559447684,39,1.6601663126545914,0.4179228699382713,0.7482644559447684,1.2361656199983893,0.006077822717930781
B0048,34,3.4007817363557886,8.003504466508048,1.30580023174957,0.7865478427047511,38,1.6601663126545914,0.3543660809050213,0.7865478427047511,1.24224344271632,0.06355678903325002
B0048,35,3.409381411247621,8.070095400896756,1.3198131155142896,0.7949884932937351,37,1.6601663126545914,0.34035319714030177,0.7949884932937351,1.30580023174957,0.014012883764719541
B0048,36,3.4153737164914357,7.879940634867797,1.2910049496480371,0.7776359150329533,36,1.6601663126545914,0.3691613630065542,0.7776359150329533,1.3198131155142896,-0.028808165866252455
B0048,37,3.4074833401407405,8.03249452606678,1.2898343438686193,0.7769308014726461,35,1.6601663126545914,0.3703319687859721,0.7769308014726461,1.2910049496480371,-0.0011706057794178548
B0048,38,3.4047375385904504,7.919152945203932,1.2694878351980996,0.7646750964174184,34,1.6601663126545914,0.39067847745649176,0.7646750964174184,1.2898343438686193,-0.02034650867051968
B0048,39,3.4068702319522304,7.988920352435332,1.2485682913188052,0.7520742240109399,33,1.6601663126545914,0.41159802133578616,0.7520742240109399,1.2694878351980996,-0.0209195438792944
B0048,40,3.3961037037584414,7.998300759500602,1.2534767302533925,0.755030818719056,32,1.6601663126545914,0.4066895824011989,0.755030818719056,1.2485682913188052,0.004908438934587256
B0048,41,3.398916278345878,8.021072554323089,1.2501457244601737,0.7530243897439418,31,1.6601663126545914,0.41002058819441767,0.7530243897439418,1.2534767302533925,-0.0033310057932187664
B0048,42,3.3944370752205844,7.958487392441615,1.2322421045368377,0.7422401569915567,30,1.6601663126545914,0.42792420811775367,0.7422401569915567,1.2501457244601737,-0.017903619923336
B0048,43,3.39404796876977,7.950884787148954,1.2265550611172795,0.7388145704245913,29,1.6601663126545914,0.43361125153731184,0.7388145704245912,1.2322421045368377,-0.005687043419558169
B0048,44,3.393097880332713,8.011207380177298,1.2208171465761952,0.7353583416736841,28,1.6601663126545914,0.43934916607839614,0.7353583416736841,1.2265550611172795,-0.005737914541084299
B0048,45,3.3887321741687666,7.963679137176054,1.201760436047873,0.7238795456138781,27,1.6601663126545914,0.4584058766067183,0.7238795456138781,1.2208171465761952,-0.01905671052832214
B0048,46,3.3962741953734272,7.815709044330288,1.1969362199167006,0.7209736824516154,26,1.6601663126545914,0.46323009273789073,0.7209736824516154,1.201760436047873,-0.004824216131172454
B0048,47,3.3892194947790912,8.032965421058126,1.207374178282354,0.7272609792640433,25,1.6601663126545914,0.4527921343722374,0.7272609792640433,1.1969362199167006,0.01043795836565331
B0048,48,3.383800373599047,8.036275700567987,1.193490051681104,0.71889788546108,24,1.6601663126545914,0.46667626097348736,0.71889788546108,1.207374178282354,-0.013884126601249935
B0048,49,3.388625988414624,8.02443147172163,1.191038477115852,0.7174211812618893,23,1.6601663126545914,0.4691278355387394,0.7174211812618893,1.193490051681104,-0.0024515745652520238
B0048,50,3.3789243115442464,8.07636147814818,1.1937231891769493,0.7190383156662157,22,1.6601663126545914,0.46644312347764205,0.7190383156662157,1.191038477115852,0.0026847120610973274
B0048,51,3.39107969032983,7.970212606762224,1.1748364665991406,0.7076619117277397,21,1.6601663126545914,0.4853298460554507,0.7076619117277397,1.1937231891769493,-0.018886722577808657
B0048,52,3.379938347839188,7.960438134724269,1.1862619580429823,0.7145440483888388,20,1.6601663126545914,0.47390435461160907,0.7145440483888388,1.1748364665991406,0.01142549144384164
B0048,53,3.3877772512275253,7.901552743972466,1.159896170933751,0.6986626352386871,19,1.6601663126545914,0.5002701417208404,0.6986626352386871,1.1862619580429823,-0.02636578710923132
B0048,55,3.391426788403529,7.916928214755501,1.2615637969346016,0.7599020575940806,17,1.6601663126545914,0.3986025157199897,0.7599020575940806,1.159896170933751,0.10166762600085066
B0048,56,3.397650313257533,8.014199860961384,1.2680530673529216,0.7638108650243094,16,1.6601663126545914,0.3921132453016698,0.7638108650243094,1.2615637969346016,0.006489270418319926
B0048,57,3.4037734667006823,8.028918541662192,1.2494186713691715,0.7525864498306571,15,1.6601663126545914,0.41074764128541985,0.752586449830657,1.2680530673529216,-0.01863439598375005
B0048,58,3.402893042770781,8.077637110013288,1.237585517760711,0.7454587581540685,14,1.6601663126545914,0.42258079489388045,0.7454587581540686,1.2494186713691715,-0.0118331536084606
B0048,59,3.399016583882704,8.271954681576483,1.236715345904322,0.7449346107540424,13,1.6601663126545914,0.4234509667502693,0.7449346107540425,1.237585517760711,-0.0008701718563888239
B0048,60,3.4007318729298546,8.278258229729769,1.222962969960475,0.7366508768660459,12,1.6601663126545914,0.4372033426941164,0.7366508768660459,1.236715345904322,-0.01375237594384715
B0048,61,3.3878281398426595,8.275599021438358,1.2297277261033976,0.7407256229269427,11,1.6601663126545914,0.4304385865511937,0.7407256229269427,1.222962969960475,0.006764756142922712
B0048,62,3.392828607033299,8.33487927760415,1.2434786376251368,0.7490084747213219,10,1.6601663126545914,0.4166876750294546,0.7490084747213219,1.2297277261033976,0.013750911521739129
B0048,63,3.396599979448375,8.325681708137152,1.230530443206923,0.7412091390044626,9,1.6601663126545914,0.4296358694476683,0.7412091390044626,1.2434786376251368,-0.01294819441821371
B0048,64,3.400713037079178,8.242031419883155,1.211750582954,0.729897103511528,8,1.6601663126545914,0.4484157297005913,0.729897103511528,1.230530443206923,-0.018779860252922997
B0048,65,3.3924833781525185,8.297756859801565,1.212980915384532,0.7306381933777384,7,1.6601663126545914,0.44718539727005946,0.7306381933777382,1.211750582954,0.001230332430531833
B0048,67,3.400788980484043,8.309845140183779,1.3047238209134782,0.7858994674016944,5,1.6601663126545914,0.3554424917411132,0.7858994674016944,1.212980915384532,0.09174290552894626
B0048,68,3.4080918657366346,8.23276544282227,1.2713329687882982,0.7657865113257526,4,1.6601663126545914,0.3888333438662932,0.7657865113257526,1.3047238209134782,-0.033390852125180004
B0048,69,3.4117281046893337,8.19281493872221,1.2603330048494938,0.7591606908552628,3,1.6601663126545914,0.3998333078050975,0.7591606908552628,1.2713329687882982,-0.010999963938804314
B0048,70,3.4076842837017205,8.228818472507612,1.2541930663035317,0.7554623032303842,2,1.6601663126545914,0.4059732463510597,0.7554623032303842,1.2603330048494938,-0.006139938545962176
B0048,71,3.4009864181800484,8.252469148025058,1.235281466303158,0.7440709143940848,1,1.6601663126545914,0.4248848463514334,0.7440709143940848,1.2541930663035317,-0.01891160000037373
B0048,72,3.406745720524415,8.219372551773532,1.2253328581062997,0.7380783773084777,0,1.6601663126545914,0.4348334545482917,0.7380783773084777,1.235281466303158,-0.009948608196858277
B0049,16,3.0556096413337333,12.33551372934191,0.9682548265262082,1.0161970514823078,9,0.952821920821196,-0.015432905705012212,1.0161970514823078,0.952821920821196,0.015432905705012212
B0049,19,3.1975966479789726,12.778103349431628,0.9441852734632412,0.990935717189933,6,0.952821920821196,0.008636647357954774,0.9909357171899328,0.9682548265262082,-0.024069553062966986
B0049,20,3.0487042882213067,12.43174282130699,0.9401529555683528,0.986703742875768,5,0.952821920821196,0.012668965252843223,0.986703742875768,0.9441852734632412,-0.004032317894888449
B0049,22,3.029449055021221,12.375000755553703,0.9020216071682868,0.9466843567063126,3,0.952821920821196,0.05080031365290916,0.9466843567063123,0.9401529555683528,-0.038131348400065934
B0049,23,2.977231196667954,13.146013541941878,0.9662091098450468,1.0140500430681874,2,0.952821920821196,-0.013387189023850832,1.0140500430681874,0.9020216071682868,0.06418750267675999
B0049,24,3.022114915131473,12.419820365387574,0.8975498772369866,0.9419912132829892,1,0.952821920821196,0.05527204358420934,0.9419912132829892,0.9662091098450468,-0.06865923260806017
B0049,25,2.9634989615749228,13.214727037699832,0.9503439009121902,0.9973992832712434,0,0.952821920821196,0.0024780199090057575,0.9973992832712433,0.8975498772369866,0.05279402367520358
B0050,15,3.2001698089029795,12.163296985153234,0.6223715276188727,0.6611873755947686,0,0.9412937248824824,0.3189221972636097,0.6611873755947686,0.9412937248824824,-0.3189221972636097
B0053,10,3.095128536447283,12.245191547318631,1.359315087352796,1.0391696555743453,45,1.308078118006157,-0.051236969346639016,1.0391696555743453,1.308078118006157,0.051236969346639016
B0053,11,3.0728309336259647,12.227355198928462,1.3697409929414928,1.047140055388531,44,1.308078118006157,-0.06166287493533584,1.047140055388531,1.359315087352796,0.010425905588696827
B0053,12,3.0992512260717127,12.163073942837917,1.341467597186743,1.0255256002840871,43,1.308078118006157,-0.03338947918058599,1.0255256002840871,1.3697409929414928,-0.028273395754749853
B0053,13,3.0759964813859115,12.292542702117029,1.360429283141101,1.0400214363456677,42,1.308078118006157,-0.05235116513494398,1.0400214363456675,1.341467597186743,0.018961685954357987
B0053,14,3.0715043200698378,12.155694088735071,1.3481764510554366,1.03065438714807,41,1.308078118006157,-0.04009833304927968,1.03065438714807,1.360429283141101,-0.0122528320856643
B0053,15,3.0908348956433267,12.364595355360214,1.3421945297103255,1.0260813259044277,40,1.308078118006157,-0.03411641170416857,1.0260813259044275,1.3481764510554366,-0.0059819213451111075
B0053,16,3.070553607905953,12.128324396717016,1.3460546730088538,1.0290323295527508,39,1.308078118006157,-0.03797655500269692,1.0290323295527508,1.3421945297103255,0.0038601432985283513
B0053,17,3.087460321440554,12.302129277138697,1.3340898254323037,1.019885438849627,38,1.308078118006157,-0.02601170742614678,1.0198854388496272,1.3460546730088538,-0.011964847576550142
B0053,18,3.066129944347218,12.404562890326408,1.3476154220757637,1.030225491524827,37,1.308078118006157,-0.03953730406960676,1.030225491524827,1.3340898254323037,0.01352559664345998
B0053,19,3.0648787393041275,12.13341884254367,1.337856001903263,1.022764606705978,36,1.308078118006157,-0.029777883897106117,1.0227646067059781,1.3476154220757637,-0.009759420172500644
B0053,20,3.0920593287919123,12.146814956196248,1.3114239641260943,1.0025578335681031,35,1.308078118006157,-0.003345846119937379,1.0025578335681031,1.337856001903263,-0.026432037777168738
B0053,21,3.0697487364999896,12.527013283626877,1.3398404691325108,1.0242816928814371,34,1.308078118006157,-0.03176235112635384,1.0242816928814371,1.3114239641260943,0.02841650500641646
B0053,22,3.063652287832334,12.212439916474112,1.3598875372704344,1.039607282280089,33,1.308078118006157,-0.05180941926427751,1.039607282280089,1.3398404691325108,0.020047068137923674
B0053,23,3.081738329329653,12.533800131697806,1.3612453949740744,1.040645337794472,32,1.308078118006157,-0.053167276967917454,1.040645337794472,1.3598875372704344,0.001357857703639942
B0053,24,3.0712653565298207,12.15752125414067,1.3433401803535947,1.0269571532938615,31,1.308078118006157,-0.035262062347437784,1.0269571532938615,1.3612453949740744,-0.01790521462047967
B0053,25,3.071991009430854,12.533280850548794,1.343413889017311,1.0270135021179123,30,1.308078118006157,-0.03533577101115415,1.0270135021179123,1.3433401803535947,7.370866371636531e-05
B0053,26,3.081721091323029,12.129752391274424,1.314591759795035,1.0049795510674902,29,1.308078118006157,-0.006513641788878033,1.0049795510674902,1.343413889017311,-0.028822129222276116
B0053,27,3.065618110074437,12.4375808996521,1.3323019010197426,1.018518605792832,28,1.308078118006157,-0.02422378301358563,1.018518605792832,1.314591759795035,0.0177101412247076
B0053,28,3.078450046499129,12.499986997045514,1.3217811798830987,1.010475721356633,27,1.308078118006157,-0.013703061876941813,1.0104757213566333,1.3323019010197426,-0.010520721136643818
B0053,29,3.056852449135966,12.44779550336712,1.3324308181454447,1.018617160400487,26,1.308078118006157,-0.02435270013928781,1.018617160400487,1.3217811798830987,0.010649638262345995
B0053,30,3.070668465167841,12.12683073125857,1.3042896695942692,0.9971038056827506,25,1.308078118006157,0.003788448411887746,0.9971038056827506,1.3324308181454447,-0.028141148551175554
B0053,31,3.0573433953322637,12.561207298945472,1.3065669665706774,0.998844754441896,24,1.308078118006157,0.0015111514354795297,0.9988447544418961,1.3042896695942692,0.0022772969764082163
B0053,32,3.0535982567296545,12.169474943261074,1.305855829714384,0.9983011042986024,23,1.308078118006157,0.002222288291772845,0.9983011042986024,1.3065669665706774,-0.0007111368562933151
B0053,33,3.0457610453739106,12.439396867860822,1.3142188135293038,1.0046944409807168,22,1.308078118006157,-0.0061406955231468885,1.0046944409807168,1.305855829714384,0.008362983814919733
B0053,34,3.077258112412092,12.19451958922961,1.289259700620846,0.985613689942314,21,1.308078118006157,0.01881841738531098,0.985613689942314,1.3142188135293038,-0.02495911290845787
B0053,35,3.0764274410465147,12.32467046038635,1.2930618476156344,0.9885203565568308,20,1.308078118006157,0.015016270390522557,0.9885203565568308,1.289259700620846,0.0038021469947884245
B0053,36,3.06763046717269,12.490403992609847,1.2958423027569654,0.9906459598392778,19,1.308078118006157,0.012235815249191484,0.9906459598392778,1.2930618476156344,0.002780455141331073
B0053,37,3.0586262243104274,12.493233578273262,1.3001836231919055,0.9939648139468272,18,1.308078118006157,0.007894494814251418,0.9939648139468271,1.2958423027569654,0.004341320434940066
B0053,38,3.059660030198576,12.530882774732396,1.3021945915110211,0.9955021596843896,17,1.308078118006157,0.0058835264951357935,0.9955021596843897,1.3001836231919055,0.0020109683191156247
B0053,39,3.0545790418645686,12.499664099435382,1.2995882947095914,0.9935096970282584,16,1.308078118006157,0.008489823296565557,0.9935096970282584,1.3021945915110211,-0.002606296801429764
B0053,40,3.050692756091621,12.233147481743185,1.2904394706963092,0.9865156009667576,15,1.308078118006157,0.017638647309847766,0.9865156009667576,1.2995882947095914,-0.009148824013282209
B0053,41,3.0646264571362773,12.412914435251404,1.283104874868455,0.980908446679188,14,1.308078118006157,0.024973243137701884,0.9809084466791881,1.2904394706963092,-0.007334595827854118
B0053,42,3.051595420919736,12.616251645969692,1.295626447037125,0.9904809423859092,13,1.308078118006157,0.01245167096903188,0.9904809423859093,1.283104874868455,0.012521572168670003
B0053,45,3.059288607142689,12.56812027778246,1.361942949839481,1.0411786047728004,10,1.308078118006157,-0.053864831833324134,1.0411786047728004,1.295626447037125,0.06631650280235601
B0053,46,3.093317588803282,12.55044884575378,1.336807101352059,1.0219627428594955,9,1.308078118006157,-0.028728983345902126,1.0219627428594955,1.361942949839481,-0.025135848487422008
B0053,47,3.0749380759068083,12.432369953422183,1.3343611135553366,1.0200928332852488,8,1.308078118006157,-0.026282995549179677,1.0200928332852488,1.336807101352059,-0.0024459877967224486
B0053,48,3.0677280268889118,12.51661002939304,1.332164777770302,1.0184137777649391,7,1.308078118006157,-0.024086659764145146,1.0184137777649391,1.3343611135553366,-0.002196335785034531
B0053,49,3.0579029184045563,12.416535015780772,1.3215936350570106,1.010332347024851,6,1.308078118006157,-0.013515517050853632,1.010332347024851,1.332164777770302,-0.010571142713291515
B0053,50,3.069633671738992,12.86442209459833,1.328628178906858,1.0157101174752656,5,1.308078118006157,-0.020550060900700995,1.0157101174752656,1.3215936350570106,0.007034543849847363
B0053,51,3.0774703956362286,12.452887134609783,1.305766686525518,0.9982329560835692,4,1.308078118006157,0.002311431480638948,0.9982329560835692,1.328628178906858,-0.022861492381339943
B0053,52,3.065650898720959,12.717167506079072,1.3159187374595258,1.0059939993991491,3,1.308078118006157,-0.007840619453368891,1.0059939993991491,1.305766686525518,0.010152050934007839
B0053,53,3.0815867755621005,12.513456012623871,1.2951545985027926,0.9901202234595416,2,1.308078118006157,0.012923519503364345,0.9901202234595415,1.3159187374595258,-0.020764138956733236
B0053,54,3.080080108538352,12.53086381740867,1.292799466557356,0.9883197713970712,1,1.308078118006157,0.015278651448801028,0.9883197713970711,1.2951545985027926,-0.0023551319454366837
B0053,55,3.0638130274525714,12.900294389057349,1.3128090877493022,1.0036167333418562,0,1.308078118006157,-0.004730969743145241,1.0036167333418562,1.292799466557356,0.02000962119194627
